!!SBtab TableName='Reaction' TableType='Reaction' Document='reducedYeast_ECM' Date='2018-11-21' SBtabVersion='1.0'					
!ID	!ReactionFormula	!Name	!IsReversible	!KineticLaw:Name	!KineticLaw:Formula
GAL1	ATP_c_ + GAL_c_ <=> ADP_c_ + GALP_c_	GAL1	True	Common saturable (CM)	u_R1 * ( kC_R1 * sqrt( kEQ_R1  * kM_R1_ATP_c_ * kM_R1_GAL_c_ / kM_R1_ADP_c_ / kM_R1_GALP_c_ ) * ( ATP_c_ / kM_R1_ATP_c_ ) * ( GAL_c_ / kM_R1_GAL_c_ ) - kC_R1 / sqrt( kEQ_R1  * kM_R1_ATP_c_ * kM_R1_GAL_c_ / kM_R1_ADP_c_ / kM_R1_GALP_c_ ) * ( ADP_c_ / kM_R1_ADP_c_ ) * ( GALP_c_ / kM_R1_GALP_c_ ) ) / ( ( 1 + ATP_c_ / kM_R1_ATP_c_ ) * ( 1 + GAL_c_ / kM_R1_GAL_c_ ) + ( 1 + ADP_c_ / kM_R1_ADP_c_ ) * ( 1 + GALP_c_ / kM_R1_GALP_c_ ) - 1 )
GAL10	GALUDP_c_ <=> GLUUDP_c_	GAL10	True	Common saturable (CM)	u_R2 * ( kC_R2 * sqrt( kEQ_R2  * kM_R2_GALUDP_c_ / kM_R2_GLUUDP_c_ ) * ( GALUDP_c_ / kM_R2_GALUDP_c_ ) - kC_R2 / sqrt( kEQ_R2  * kM_R2_GALUDP_c_ / kM_R2_GLUUDP_c_ ) * ( GLUUDP_c_ / kM_R2_GLUUDP_c_ ) ) / ( ( 1 + GALUDP_c_ / kM_R2_GALUDP_c_ ) + ( 1 + GLUUDP_c_ / kM_R2_GLUUDP_c_ ) - 1 )
GAL7b	GALP_c_ + GLUUDP_c_ <=> GALUDP_c_ + G1P_c_	GAL7b	True	Common saturable (CM)	u_R3 * ( kC_R3 * sqrt( kEQ_R3  * kM_R3_GALP_c_ * kM_R3_GLUUDP_c_ / kM_R3_GALUDP_c_ / kM_R3_G1P_c_ ) * ( GALP_c_ / kM_R3_GALP_c_ ) * ( GLUUDP_c_ / kM_R3_GLUUDP_c_ ) - kC_R3 / sqrt( kEQ_R3  * kM_R3_GALP_c_ * kM_R3_GLUUDP_c_ / kM_R3_GALUDP_c_ / kM_R3_G1P_c_ ) * ( GALUDP_c_ / kM_R3_GALUDP_c_ ) * ( G1P_c_ / kM_R3_G1P_c_ ) ) / ( ( 1 + GALP_c_ / kM_R3_GALP_c_ ) * ( 1 + GLUUDP_c_ / kM_R3_GLUUDP_c_ ) + ( 1 + GALUDP_c_ / kM_R3_GALUDP_c_ ) * ( 1 + G1P_c_ / kM_R3_G1P_c_ ) - 1 )
PGM1_2	G1P_c_ <=> G6P_c_	PGM1_2	True	Common saturable (CM)	u_R4 * ( kC_R4 * sqrt( kEQ_R4  * kM_R4_G1P_c_ / kM_R4_G6P_c_ ) * ( G1P_c_ / kM_R4_G1P_c_ ) - kC_R4 / sqrt( kEQ_R4  * kM_R4_G1P_c_ / kM_R4_G6P_c_ ) * ( G6P_c_ / kM_R4_G6P_c_ ) ) / ( ( 1 + G1P_c_ / kM_R4_G1P_c_ ) + ( 1 + G6P_c_ / kM_R4_G6P_c_ ) - 1 )
HXK	GLC_c_ + ATP_c_ <=> ADP_c_ + G6P_c_	HXK	True	Common saturable (CM)	u_R5 * ( kC_R5 * sqrt( kEQ_R5  * kM_R5_GLC_c_ * kM_R5_ATP_c_ / kM_R5_ADP_c_ / kM_R5_G6P_c_ ) * ( GLC_c_ / kM_R5_GLC_c_ ) * ( ATP_c_ / kM_R5_ATP_c_ ) - kC_R5 / sqrt( kEQ_R5  * kM_R5_GLC_c_ * kM_R5_ATP_c_ / kM_R5_ADP_c_ / kM_R5_G6P_c_ ) * ( ADP_c_ / kM_R5_ADP_c_ ) * ( G6P_c_ / kM_R5_G6P_c_ ) ) / ( ( 1 + GLC_c_ / kM_R5_GLC_c_ ) * ( 1 + ATP_c_ / kM_R5_ATP_c_ ) + ( 1 + ADP_c_ / kM_R5_ADP_c_ ) * ( 1 + G6P_c_ / kM_R5_G6P_c_ ) - 1 )
PGI	G6P_c_ <=> F6P_c_	PGI	True	Common saturable (CM)	u_R6 * ( kC_R6 * sqrt( kEQ_R6  * kM_R6_G6P_c_ / kM_R6_F6P_c_ ) * ( G6P_c_ / kM_R6_G6P_c_ ) - kC_R6 / sqrt( kEQ_R6  * kM_R6_G6P_c_ / kM_R6_F6P_c_ ) * ( F6P_c_ / kM_R6_F6P_c_ ) ) / ( ( 1 + G6P_c_ / kM_R6_G6P_c_ ) + ( 1 + F6P_c_ / kM_R6_F6P_c_ ) - 1 )
PFK	ATP_c_ + F6P_c_ <=> ADP_c_ + F16P_c_	PFK	True	Common saturable (CM)	u_R7 * ( kC_R7 * sqrt( kEQ_R7  * kM_R7_ATP_c_ * kM_R7_F6P_c_ / kM_R7_ADP_c_ / kM_R7_F16P_c_ ) * ( ATP_c_ / kM_R7_ATP_c_ ) * ( F6P_c_ / kM_R7_F6P_c_ ) - kC_R7 / sqrt( kEQ_R7  * kM_R7_ATP_c_ * kM_R7_F6P_c_ / kM_R7_ADP_c_ / kM_R7_F16P_c_ ) * ( ADP_c_ / kM_R7_ADP_c_ ) * ( F16P_c_ / kM_R7_F16P_c_ ) ) / ( ( 1 + ATP_c_ / kM_R7_ATP_c_ ) * ( 1 + F6P_c_ / kM_R7_F6P_c_ ) + ( 1 + ADP_c_ / kM_R7_ADP_c_ ) * ( 1 + F16P_c_ / kM_R7_F16P_c_ ) - 1 )
FBP	F16P_c_ + H2O_c_ <=> F6P_c_ + PI_c_	FBP	True	Common saturable (CM)	u_R8 * ( kC_R8 * sqrt( kEQ_R8  * kM_R8_F16P_c_ * kM_R8_H2O_c_ / kM_R8_F6P_c_ / kM_R8_PI_c_ ) * ( F16P_c_ / kM_R8_F16P_c_ ) * ( H2O_c_ / kM_R8_H2O_c_ ) - kC_R8 / sqrt( kEQ_R8  * kM_R8_F16P_c_ * kM_R8_H2O_c_ / kM_R8_F6P_c_ / kM_R8_PI_c_ ) * ( F6P_c_ / kM_R8_F6P_c_ ) * ( PI_c_ / kM_R8_PI_c_ ) ) / ( ( 1 + F16P_c_ / kM_R8_F16P_c_ ) * ( 1 + H2O_c_ / kM_R8_H2O_c_ ) + ( 1 + F6P_c_ / kM_R8_F6P_c_ ) * ( 1 + PI_c_ / kM_R8_PI_c_ ) - 1 )
FBA	F16P_c_ <=> GA3P_c_ + DHAP_c_	FBA	True	Common saturable (CM)	u_R9 * ( kC_R9 * sqrt( kEQ_R9  * kM_R9_F16P_c_ / kM_R9_GA3P_c_ / kM_R9_DHAP_c_ ) * ( F16P_c_ / kM_R9_F16P_c_ ) - kC_R9 / sqrt( kEQ_R9  * kM_R9_F16P_c_ / kM_R9_GA3P_c_ / kM_R9_DHAP_c_ ) * ( GA3P_c_ / kM_R9_GA3P_c_ ) * ( DHAP_c_ / kM_R9_DHAP_c_ ) ) / ( ( 1 + F16P_c_ / kM_R9_F16P_c_ ) + ( 1 + GA3P_c_ / kM_R9_GA3P_c_ ) * ( 1 + DHAP_c_ / kM_R9_DHAP_c_ ) - 1 )
TPI	DHAP_c_ <=> GA3P_c_	TPI	True	Common saturable (CM)	u_R10 * ( kC_R10 * sqrt( kEQ_R10  * kM_R10_DHAP_c_ / kM_R10_GA3P_c_ ) * ( DHAP_c_ / kM_R10_DHAP_c_ ) - kC_R10 / sqrt( kEQ_R10  * kM_R10_DHAP_c_ / kM_R10_GA3P_c_ ) * ( GA3P_c_ / kM_R10_GA3P_c_ ) ) / ( ( 1 + DHAP_c_ / kM_R10_DHAP_c_ ) + ( 1 + GA3P_c_ / kM_R10_GA3P_c_ ) - 1 )
GLD	GA3P_c_ + NAD_c_ + PI_c_ <=> P13G_c_ + NADH_c_	GLD	True	Common saturable (CM)	u_R11 * ( kC_R11 * sqrt( kEQ_R11  * kM_R11_GA3P_c_ * kM_R11_NAD_c_ * kM_R11_PI_c_ / kM_R11_P13G_c_ / kM_R11_NADH_c_ ) * ( GA3P_c_ / kM_R11_GA3P_c_ ) * ( NAD_c_ / kM_R11_NAD_c_ ) * ( PI_c_ / kM_R11_PI_c_ ) - kC_R11 / sqrt( kEQ_R11  * kM_R11_GA3P_c_ * kM_R11_NAD_c_ * kM_R11_PI_c_ / kM_R11_P13G_c_ / kM_R11_NADH_c_ ) * ( P13G_c_ / kM_R11_P13G_c_ ) * ( NADH_c_ / kM_R11_NADH_c_ ) ) / ( ( 1 + GA3P_c_ / kM_R11_GA3P_c_ ) * ( 1 + NAD_c_ / kM_R11_NAD_c_ ) * ( 1 + PI_c_ / kM_R11_PI_c_ ) + ( 1 + P13G_c_ / kM_R11_P13G_c_ ) * ( 1 + NADH_c_ / kM_R11_NADH_c_ ) - 1 )
PGK	P13G_c_ + ADP_c_ <=> P3G_c_ + ATP_c_	PGK	True	Common saturable (CM)	u_R12 * ( kC_R12 * sqrt( kEQ_R12  * kM_R12_P13G_c_ * kM_R12_ADP_c_ / kM_R12_P3G_c_ / kM_R12_ATP_c_ ) * ( P13G_c_ / kM_R12_P13G_c_ ) * ( ADP_c_ / kM_R12_ADP_c_ ) - kC_R12 / sqrt( kEQ_R12  * kM_R12_P13G_c_ * kM_R12_ADP_c_ / kM_R12_P3G_c_ / kM_R12_ATP_c_ ) * ( P3G_c_ / kM_R12_P3G_c_ ) * ( ATP_c_ / kM_R12_ATP_c_ ) ) / ( ( 1 + P13G_c_ / kM_R12_P13G_c_ ) * ( 1 + ADP_c_ / kM_R12_ADP_c_ ) + ( 1 + P3G_c_ / kM_R12_P3G_c_ ) * ( 1 + ATP_c_ / kM_R12_ATP_c_ ) - 1 )
GPM	P3G_c_ <=> P2G_c_	GPM	True	Common saturable (CM)	u_R13 * ( kC_R13 * sqrt( kEQ_R13  * kM_R13_P3G_c_ / kM_R13_P2G_c_ ) * ( P3G_c_ / kM_R13_P3G_c_ ) - kC_R13 / sqrt( kEQ_R13  * kM_R13_P3G_c_ / kM_R13_P2G_c_ ) * ( P2G_c_ / kM_R13_P2G_c_ ) ) / ( ( 1 + P3G_c_ / kM_R13_P3G_c_ ) + ( 1 + P2G_c_ / kM_R13_P2G_c_ ) - 1 )
ENO	P2G_c_ <=> PEP_c_ + H2O_c_	ENO	True	Common saturable (CM)	u_R14 * ( kC_R14 * sqrt( kEQ_R14  * kM_R14_P2G_c_ / kM_R14_PEP_c_ / kM_R14_H2O_c_ ) * ( P2G_c_ / kM_R14_P2G_c_ ) - kC_R14 / sqrt( kEQ_R14  * kM_R14_P2G_c_ / kM_R14_PEP_c_ / kM_R14_H2O_c_ ) * ( PEP_c_ / kM_R14_PEP_c_ ) * ( H2O_c_ / kM_R14_H2O_c_ ) ) / ( ( 1 + P2G_c_ / kM_R14_P2G_c_ ) + ( 1 + PEP_c_ / kM_R14_PEP_c_ ) * ( 1 + H2O_c_ / kM_R14_H2O_c_ ) - 1 )
CDC	ADP_c_ + PEP_c_ <=> ATP_c_ + PYR_c_	CDC	True	Common saturable (CM)	u_R15 * ( kC_R15 * sqrt( kEQ_R15  * kM_R15_ADP_c_ * kM_R15_PEP_c_ / kM_R15_ATP_c_ / kM_R15_PYR_c_ ) * ( ADP_c_ / kM_R15_ADP_c_ ) * ( PEP_c_ / kM_R15_PEP_c_ ) - kC_R15 / sqrt( kEQ_R15  * kM_R15_ADP_c_ * kM_R15_PEP_c_ / kM_R15_ATP_c_ / kM_R15_PYR_c_ ) * ( ATP_c_ / kM_R15_ATP_c_ ) * ( PYR_c_ / kM_R15_PYR_c_ ) ) / ( ( 1 + ADP_c_ / kM_R15_ADP_c_ ) * ( 1 + PEP_c_ / kM_R15_PEP_c_ ) + ( 1 + ATP_c_ / kM_R15_ATP_c_ ) * ( 1 + PYR_c_ / kM_R15_PYR_c_ ) - 1 )
ZWF	G6P_c_ + NADP_c_ <=> G15L_c_ + NADPH_c_	ZWF	True	Common saturable (CM)	u_R16 * ( kC_R16 * sqrt( kEQ_R16  * kM_R16_G6P_c_ * kM_R16_NADP_c_ / kM_R16_G15L_c_ / kM_R16_NADPH_c_ ) * ( G6P_c_ / kM_R16_G6P_c_ ) * ( NADP_c_ / kM_R16_NADP_c_ ) - kC_R16 / sqrt( kEQ_R16  * kM_R16_G6P_c_ * kM_R16_NADP_c_ / kM_R16_G15L_c_ / kM_R16_NADPH_c_ ) * ( G15L_c_ / kM_R16_G15L_c_ ) * ( NADPH_c_ / kM_R16_NADPH_c_ ) ) / ( ( 1 + G6P_c_ / kM_R16_G6P_c_ ) * ( 1 + NADP_c_ / kM_R16_NADP_c_ ) + ( 1 + G15L_c_ / kM_R16_G15L_c_ ) * ( 1 + NADPH_c_ / kM_R16_NADPH_c_ ) - 1 )
PGL	G15L_c_ + H2O_c_ <=> P6G_c_	PGL	True	Common saturable (CM)	u_R17 * ( kC_R17 * sqrt( kEQ_R17  * kM_R17_G15L_c_ * kM_R17_H2O_c_ / kM_R17_P6G_c_ ) * ( G15L_c_ / kM_R17_G15L_c_ ) * ( H2O_c_ / kM_R17_H2O_c_ ) - kC_R17 / sqrt( kEQ_R17  * kM_R17_G15L_c_ * kM_R17_H2O_c_ / kM_R17_P6G_c_ ) * ( P6G_c_ / kM_R17_P6G_c_ ) ) / ( ( 1 + G15L_c_ / kM_R17_G15L_c_ ) * ( 1 + H2O_c_ / kM_R17_H2O_c_ ) + ( 1 + P6G_c_ / kM_R17_P6G_c_ ) - 1 )
GND	P6G_c_ + NADP_c_ <=> CO2_c_ + RU5P_c_ + NADPH_c_	GND	True	Common saturable (CM)	u_R18 * ( kC_R18 * sqrt( kEQ_R18  * kM_R18_P6G_c_ * kM_R18_NADP_c_ / kM_R18_CO2_c_ / kM_R18_RU5P_c_ / kM_R18_NADPH_c_ ) * ( P6G_c_ / kM_R18_P6G_c_ ) * ( NADP_c_ / kM_R18_NADP_c_ ) - kC_R18 / sqrt( kEQ_R18  * kM_R18_P6G_c_ * kM_R18_NADP_c_ / kM_R18_CO2_c_ / kM_R18_RU5P_c_ / kM_R18_NADPH_c_ ) * ( CO2_c_ / kM_R18_CO2_c_ ) * ( RU5P_c_ / kM_R18_RU5P_c_ ) * ( NADPH_c_ / kM_R18_NADPH_c_ ) ) / ( ( 1 + P6G_c_ / kM_R18_P6G_c_ ) * ( 1 + NADP_c_ / kM_R18_NADP_c_ ) + ( 1 + CO2_c_ / kM_R18_CO2_c_ ) * ( 1 + RU5P_c_ / kM_R18_RU5P_c_ ) * ( 1 + NADPH_c_ / kM_R18_NADPH_c_ ) - 1 )
RPI	RU5P_c_ <=> R5P_c_	RPI	True	Common saturable (CM)	u_R19 * ( kC_R19 * sqrt( kEQ_R19  * kM_R19_RU5P_c_ / kM_R19_R5P_c_ ) * ( RU5P_c_ / kM_R19_RU5P_c_ ) - kC_R19 / sqrt( kEQ_R19  * kM_R19_RU5P_c_ / kM_R19_R5P_c_ ) * ( R5P_c_ / kM_R19_R5P_c_ ) ) / ( ( 1 + RU5P_c_ / kM_R19_RU5P_c_ ) + ( 1 + R5P_c_ / kM_R19_R5P_c_ ) - 1 )
RPE	RU5P_c_ <=> X5P_c_	RPE	True	Common saturable (CM)	u_R20 * ( kC_R20 * sqrt( kEQ_R20  * kM_R20_RU5P_c_ / kM_R20_X5P_c_ ) * ( RU5P_c_ / kM_R20_RU5P_c_ ) - kC_R20 / sqrt( kEQ_R20  * kM_R20_RU5P_c_ / kM_R20_X5P_c_ ) * ( X5P_c_ / kM_R20_X5P_c_ ) ) / ( ( 1 + RU5P_c_ / kM_R20_RU5P_c_ ) + ( 1 + X5P_c_ / kM_R20_X5P_c_ ) - 1 )
TKLa	R5P_c_ + X5P_c_ <=> GA3P_c_ + S7P_c_	TKLa	True	Common saturable (CM)	u_R21 * ( kC_R21 * sqrt( kEQ_R21  * kM_R21_R5P_c_ * kM_R21_X5P_c_ / kM_R21_GA3P_c_ / kM_R21_S7P_c_ ) * ( R5P_c_ / kM_R21_R5P_c_ ) * ( X5P_c_ / kM_R21_X5P_c_ ) - kC_R21 / sqrt( kEQ_R21  * kM_R21_R5P_c_ * kM_R21_X5P_c_ / kM_R21_GA3P_c_ / kM_R21_S7P_c_ ) * ( GA3P_c_ / kM_R21_GA3P_c_ ) * ( S7P_c_ / kM_R21_S7P_c_ ) ) / ( ( 1 + R5P_c_ / kM_R21_R5P_c_ ) * ( 1 + X5P_c_ / kM_R21_X5P_c_ ) + ( 1 + GA3P_c_ / kM_R21_GA3P_c_ ) * ( 1 + S7P_c_ / kM_R21_S7P_c_ ) - 1 )
TAL1	GA3P_c_ + S7P_c_ <=> F6P_c_ + E4P_c_	TAL1	True	Common saturable (CM)	u_R22 * ( kC_R22 * sqrt( kEQ_R22  * kM_R22_GA3P_c_ * kM_R22_S7P_c_ / kM_R22_F6P_c_ / kM_R22_E4P_c_ ) * ( GA3P_c_ / kM_R22_GA3P_c_ ) * ( S7P_c_ / kM_R22_S7P_c_ ) - kC_R22 / sqrt( kEQ_R22  * kM_R22_GA3P_c_ * kM_R22_S7P_c_ / kM_R22_F6P_c_ / kM_R22_E4P_c_ ) * ( F6P_c_ / kM_R22_F6P_c_ ) * ( E4P_c_ / kM_R22_E4P_c_ ) ) / ( ( 1 + GA3P_c_ / kM_R22_GA3P_c_ ) * ( 1 + S7P_c_ / kM_R22_S7P_c_ ) + ( 1 + F6P_c_ / kM_R22_F6P_c_ ) * ( 1 + E4P_c_ / kM_R22_E4P_c_ ) - 1 )
TKLb	E4P_c_ + X5P_c_ <=> F6P_c_ + GA3P_c_	TKLb	True	Common saturable (CM)	u_R23 * ( kC_R23 * sqrt( kEQ_R23  * kM_R23_E4P_c_ * kM_R23_X5P_c_ / kM_R23_F6P_c_ / kM_R23_GA3P_c_ ) * ( E4P_c_ / kM_R23_E4P_c_ ) * ( X5P_c_ / kM_R23_X5P_c_ ) - kC_R23 / sqrt( kEQ_R23  * kM_R23_E4P_c_ * kM_R23_X5P_c_ / kM_R23_F6P_c_ / kM_R23_GA3P_c_ ) * ( F6P_c_ / kM_R23_F6P_c_ ) * ( GA3P_c_ / kM_R23_GA3P_c_ ) ) / ( ( 1 + E4P_c_ / kM_R23_E4P_c_ ) * ( 1 + X5P_c_ / kM_R23_X5P_c_ ) + ( 1 + F6P_c_ / kM_R23_F6P_c_ ) * ( 1 + GA3P_c_ / kM_R23_GA3P_c_ ) - 1 )
DAR	DHAP_c_ + NADH_c_ <=> GP_c_ + NAD_c_	DAR	True	Common saturable (CM)	u_R24 * ( kC_R24 * sqrt( kEQ_R24  * kM_R24_DHAP_c_ * kM_R24_NADH_c_ / kM_R24_GP_c_ / kM_R24_NAD_c_ ) * ( DHAP_c_ / kM_R24_DHAP_c_ ) * ( NADH_c_ / kM_R24_NADH_c_ ) - kC_R24 / sqrt( kEQ_R24  * kM_R24_DHAP_c_ * kM_R24_NADH_c_ / kM_R24_GP_c_ / kM_R24_NAD_c_ ) * ( GP_c_ / kM_R24_GP_c_ ) * ( NAD_c_ / kM_R24_NAD_c_ ) ) / ( ( 1 + DHAP_c_ / kM_R24_DHAP_c_ ) * ( 1 + NADH_c_ / kM_R24_NADH_c_ ) + ( 1 + GP_c_ / kM_R24_GP_c_ ) * ( 1 + NAD_c_ / kM_R24_NAD_c_ ) - 1 )
GPP	GP_c_ + H2O_c_ <=> GLY_c_ + PI_c_	GPP	True	Common saturable (CM)	u_R25 * ( kC_R25 * sqrt( kEQ_R25  * kM_R25_GP_c_ * kM_R25_H2O_c_ / kM_R25_GLY_c_ / kM_R25_PI_c_ ) * ( GP_c_ / kM_R25_GP_c_ ) * ( H2O_c_ / kM_R25_H2O_c_ ) - kC_R25 / sqrt( kEQ_R25  * kM_R25_GP_c_ * kM_R25_H2O_c_ / kM_R25_GLY_c_ / kM_R25_PI_c_ ) * ( GLY_c_ / kM_R25_GLY_c_ ) * ( PI_c_ / kM_R25_PI_c_ ) ) / ( ( 1 + GP_c_ / kM_R25_GP_c_ ) * ( 1 + H2O_c_ / kM_R25_H2O_c_ ) + ( 1 + GLY_c_ / kM_R25_GLY_c_ ) * ( 1 + PI_c_ / kM_R25_PI_c_ ) - 1 )
PDC	PYR_c_ <=> ACA_c_ + CO2_c_	PDC	True	Common saturable (CM)	u_R26 * ( kC_R26 * sqrt( kEQ_R26  * kM_R26_PYR_c_ / kM_R26_ACA_c_ / kM_R26_CO2_c_ ) * ( PYR_c_ / kM_R26_PYR_c_ ) - kC_R26 / sqrt( kEQ_R26  * kM_R26_PYR_c_ / kM_R26_ACA_c_ / kM_R26_CO2_c_ ) * ( ACA_c_ / kM_R26_ACA_c_ ) * ( CO2_c_ / kM_R26_CO2_c_ ) ) / ( ( 1 + PYR_c_ / kM_R26_PYR_c_ ) + ( 1 + ACA_c_ / kM_R26_ACA_c_ ) * ( 1 + CO2_c_ / kM_R26_CO2_c_ ) - 1 )
ADH1	ACA_c_ + NADH_c_ <=> ETH_c_ + NAD_c_	ADH1	True	Common saturable (CM)	u_R27 * ( kC_R27 * sqrt( kEQ_R27  * kM_R27_ACA_c_ * kM_R27_NADH_c_ / kM_R27_ETH_c_ / kM_R27_NAD_c_ ) * ( ACA_c_ / kM_R27_ACA_c_ ) * ( NADH_c_ / kM_R27_NADH_c_ ) - kC_R27 / sqrt( kEQ_R27  * kM_R27_ACA_c_ * kM_R27_NADH_c_ / kM_R27_ETH_c_ / kM_R27_NAD_c_ ) * ( ETH_c_ / kM_R27_ETH_c_ ) * ( NAD_c_ / kM_R27_NAD_c_ ) ) / ( ( 1 + ACA_c_ / kM_R27_ACA_c_ ) * ( 1 + NADH_c_ / kM_R27_NADH_c_ ) + ( 1 + ETH_c_ / kM_R27_ETH_c_ ) * ( 1 + NAD_c_ / kM_R27_NAD_c_ ) - 1 )
ALD6	ACA_c_ + NADP_c_ + H2O_c_ <=> AC_c_ + NADPH_c_	ALD6	True	Common saturable (CM)	u_R28 * ( kC_R28 * sqrt( kEQ_R28  * kM_R28_ACA_c_ * kM_R28_NADP_c_ * kM_R28_H2O_c_ / kM_R28_AC_c_ / kM_R28_NADPH_c_ ) * ( ACA_c_ / kM_R28_ACA_c_ ) * ( NADP_c_ / kM_R28_NADP_c_ ) * ( H2O_c_ / kM_R28_H2O_c_ ) - kC_R28 / sqrt( kEQ_R28  * kM_R28_ACA_c_ * kM_R28_NADP_c_ * kM_R28_H2O_c_ / kM_R28_AC_c_ / kM_R28_NADPH_c_ ) * ( AC_c_ / kM_R28_AC_c_ ) * ( NADPH_c_ / kM_R28_NADPH_c_ ) ) / ( ( 1 + ACA_c_ / kM_R28_ACA_c_ ) * ( 1 + NADP_c_ / kM_R28_NADP_c_ ) * ( 1 + H2O_c_ / kM_R28_H2O_c_ ) + ( 1 + AC_c_ / kM_R28_AC_c_ ) * ( 1 + NADPH_c_ / kM_R28_NADPH_c_ ) - 1 )
ALD2	ACA_c_ + NAD_c_ + H2O_c_ <=> AC_c_ + NADH_c_	ALD2	True	Common saturable (CM)	u_R29 * ( kC_R29 * sqrt( kEQ_R29  * kM_R29_ACA_c_ * kM_R29_NAD_c_ * kM_R29_H2O_c_ / kM_R29_AC_c_ / kM_R29_NADH_c_ ) * ( ACA_c_ / kM_R29_ACA_c_ ) * ( NAD_c_ / kM_R29_NAD_c_ ) * ( H2O_c_ / kM_R29_H2O_c_ ) - kC_R29 / sqrt( kEQ_R29  * kM_R29_ACA_c_ * kM_R29_NAD_c_ * kM_R29_H2O_c_ / kM_R29_AC_c_ / kM_R29_NADH_c_ ) * ( AC_c_ / kM_R29_AC_c_ ) * ( NADH_c_ / kM_R29_NADH_c_ ) ) / ( ( 1 + ACA_c_ / kM_R29_ACA_c_ ) * ( 1 + NAD_c_ / kM_R29_NAD_c_ ) * ( 1 + H2O_c_ / kM_R29_H2O_c_ ) + ( 1 + AC_c_ / kM_R29_AC_c_ ) * ( 1 + NADH_c_ / kM_R29_NADH_c_ ) - 1 )
ICL1	ICI_m_ <=> SUC_m_ + Glyoxylate_m_	ICL1	True	Common saturable (CM)	u_R30 * ( kC_R30 * sqrt( kEQ_R30  * kM_R30_ICI_m_ / kM_R30_SUC_m_ / kM_R30_Glyoxylate_m_ ) * ( ICI_m_ / kM_R30_ICI_m_ ) - kC_R30 / sqrt( kEQ_R30  * kM_R30_ICI_m_ / kM_R30_SUC_m_ / kM_R30_Glyoxylate_m_ ) * ( SUC_m_ / kM_R30_SUC_m_ ) * ( Glyoxylate_m_ / kM_R30_Glyoxylate_m_ ) ) / ( ( 1 + ICI_m_ / kM_R30_ICI_m_ ) + ( 1 + SUC_m_ / kM_R30_SUC_m_ ) * ( 1 + Glyoxylate_m_ / kM_R30_Glyoxylate_m_ ) - 1 )
MLS1	ACCOA_m_ + Glyoxylate_m_ + H2O_m_ <=> MAL_m_ + COA_m_	MLS1	True	Common saturable (CM)	u_R31 * ( kC_R31 * sqrt( kEQ_R31  * kM_R31_ACCOA_m_ * kM_R31_Glyoxylate_m_ * kM_R31_H2O_m_ / kM_R31_MAL_m_ / kM_R31_COA_m_ ) * ( ACCOA_m_ / kM_R31_ACCOA_m_ ) * ( Glyoxylate_m_ / kM_R31_Glyoxylate_m_ ) * ( H2O_m_ / kM_R31_H2O_m_ ) - kC_R31 / sqrt( kEQ_R31  * kM_R31_ACCOA_m_ * kM_R31_Glyoxylate_m_ * kM_R31_H2O_m_ / kM_R31_MAL_m_ / kM_R31_COA_m_ ) * ( MAL_m_ / kM_R31_MAL_m_ ) * ( COA_m_ / kM_R31_COA_m_ ) ) / ( ( 1 + ACCOA_m_ / kM_R31_ACCOA_m_ ) * ( 1 + Glyoxylate_m_ / kM_R31_Glyoxylate_m_ ) * ( 1 + H2O_m_ / kM_R31_H2O_m_ ) + ( 1 + MAL_m_ / kM_R31_MAL_m_ ) * ( 1 + COA_m_ / kM_R31_COA_m_ ) - 1 )
PDH	COA_m_ + NAD_m_ + PYR_m_ <=> ACCOA_m_ + CO2_m_ + NADH_m_	PDH	True	Common saturable (CM)	u_R32 * ( kC_R32 * sqrt( kEQ_R32  * kM_R32_COA_m_ * kM_R32_NAD_m_ * kM_R32_PYR_m_ / kM_R32_ACCOA_m_ / kM_R32_CO2_m_ / kM_R32_NADH_m_ ) * ( COA_m_ / kM_R32_COA_m_ ) * ( NAD_m_ / kM_R32_NAD_m_ ) * ( PYR_m_ / kM_R32_PYR_m_ ) - kC_R32 / sqrt( kEQ_R32  * kM_R32_COA_m_ * kM_R32_NAD_m_ * kM_R32_PYR_m_ / kM_R32_ACCOA_m_ / kM_R32_CO2_m_ / kM_R32_NADH_m_ ) * ( ACCOA_m_ / kM_R32_ACCOA_m_ ) * ( CO2_m_ / kM_R32_CO2_m_ ) * ( NADH_m_ / kM_R32_NADH_m_ ) ) / ( ( 1 + COA_m_ / kM_R32_COA_m_ ) * ( 1 + NAD_m_ / kM_R32_NAD_m_ ) * ( 1 + PYR_m_ / kM_R32_PYR_m_ ) + ( 1 + ACCOA_m_ / kM_R32_ACCOA_m_ ) * ( 1 + CO2_m_ / kM_R32_CO2_m_ ) * ( 1 + NADH_m_ / kM_R32_NADH_m_ ) - 1 )
ACS	AC_c_ + ATP_c_ + COA_c_ + H2O_c_ <=> ACCOA_c_ + AMP_c_ + 2 PI_c_	ACS	True	Common saturable (CM)	u_R33 * ( kC_R33 * sqrt( kEQ_R33  * kM_R33_AC_c_ * kM_R33_ATP_c_ * kM_R33_COA_c_ * kM_R33_H2O_c_ / kM_R33_ACCOA_c_ / kM_R33_AMP_c_ / power( kM_R33_PI_c_ , 2 ) ) * ( AC_c_ / kM_R33_AC_c_ ) * ( ATP_c_ / kM_R33_ATP_c_ ) * ( COA_c_ / kM_R33_COA_c_ ) * ( H2O_c_ / kM_R33_H2O_c_ ) - kC_R33 / sqrt( kEQ_R33  * kM_R33_AC_c_ * kM_R33_ATP_c_ * kM_R33_COA_c_ * kM_R33_H2O_c_ / kM_R33_ACCOA_c_ / kM_R33_AMP_c_ / power( kM_R33_PI_c_ , 2 ) ) * ( ACCOA_c_ / kM_R33_ACCOA_c_ ) * ( AMP_c_ / kM_R33_AMP_c_ ) * power( PI_c_ / kM_R33_PI_c_ , 2 ) ) / ( ( 1 + AC_c_ / kM_R33_AC_c_ ) * ( 1 + ATP_c_ / kM_R33_ATP_c_ ) * ( 1 + COA_c_ / kM_R33_COA_c_ ) * ( 1 + H2O_c_ / kM_R33_H2O_c_ ) + ( 1 + ACCOA_c_ / kM_R33_ACCOA_c_ ) * ( 1 + AMP_c_ / kM_R33_AMP_c_ ) * power( 1 + PI_c_ / kM_R33_PI_c_ , 2 ) - 1 )
ADK1_1	ATP_c_ + AMP_c_ <=> 2 ADP_c_	ADK1_1	True	Common saturable (CM)	u_R34 * ( kC_R34 * sqrt( kEQ_R34  * kM_R34_ATP_c_ * kM_R34_AMP_c_ / power( kM_R34_ADP_c_ , 2 ) ) * ( ATP_c_ / kM_R34_ATP_c_ ) * ( AMP_c_ / kM_R34_AMP_c_ ) - kC_R34 / sqrt( kEQ_R34  * kM_R34_ATP_c_ * kM_R34_AMP_c_ / power( kM_R34_ADP_c_ , 2 ) ) * power( ADP_c_ / kM_R34_ADP_c_ , 2 ) ) / ( ( 1 + ATP_c_ / kM_R34_ATP_c_ ) * ( 1 + AMP_c_ / kM_R34_AMP_c_ ) + power( 1 + ADP_c_ / kM_R34_ADP_c_ , 2 ) - 1 )
PCK	ATP_c_ + OAA_c_ <=> ADP_c_ + CO2_c_ + PEP_c_	PCK	True	Common saturable (CM)	u_R35 * ( kC_R35 * sqrt( kEQ_R35  * kM_R35_ATP_c_ * kM_R35_OAA_c_ / kM_R35_ADP_c_ / kM_R35_CO2_c_ / kM_R35_PEP_c_ ) * ( ATP_c_ / kM_R35_ATP_c_ ) * ( OAA_c_ / kM_R35_OAA_c_ ) - kC_R35 / sqrt( kEQ_R35  * kM_R35_ATP_c_ * kM_R35_OAA_c_ / kM_R35_ADP_c_ / kM_R35_CO2_c_ / kM_R35_PEP_c_ ) * ( ADP_c_ / kM_R35_ADP_c_ ) * ( CO2_c_ / kM_R35_CO2_c_ ) * ( PEP_c_ / kM_R35_PEP_c_ ) ) / ( ( 1 + ATP_c_ / kM_R35_ATP_c_ ) * ( 1 + OAA_c_ / kM_R35_OAA_c_ ) + ( 1 + ADP_c_ / kM_R35_ADP_c_ ) * ( 1 + CO2_c_ / kM_R35_CO2_c_ ) * ( 1 + PEP_c_ / kM_R35_PEP_c_ ) - 1 )
PYC	ATP_c_ + PYR_c_ + HCO3_c_ <=> ADP_c_ + PI_c_ + OAA_c_	PYC	True	Common saturable (CM)	u_R36 * ( kC_R36 * sqrt( kEQ_R36  * kM_R36_ATP_c_ * kM_R36_PYR_c_ * kM_R36_HCO3_c_ / kM_R36_ADP_c_ / kM_R36_PI_c_ / kM_R36_OAA_c_ ) * ( ATP_c_ / kM_R36_ATP_c_ ) * ( PYR_c_ / kM_R36_PYR_c_ ) * ( HCO3_c_ / kM_R36_HCO3_c_ ) - kC_R36 / sqrt( kEQ_R36  * kM_R36_ATP_c_ * kM_R36_PYR_c_ * kM_R36_HCO3_c_ / kM_R36_ADP_c_ / kM_R36_PI_c_ / kM_R36_OAA_c_ ) * ( ADP_c_ / kM_R36_ADP_c_ ) * ( PI_c_ / kM_R36_PI_c_ ) * ( OAA_c_ / kM_R36_OAA_c_ ) ) / ( ( 1 + ATP_c_ / kM_R36_ATP_c_ ) * ( 1 + PYR_c_ / kM_R36_PYR_c_ ) * ( 1 + HCO3_c_ / kM_R36_HCO3_c_ ) + ( 1 + ADP_c_ / kM_R36_ADP_c_ ) * ( 1 + PI_c_ / kM_R36_PI_c_ ) * ( 1 + OAA_c_ / kM_R36_OAA_c_ ) - 1 )
CIT	ACCOA_m_ + OAA_m_ + H2O_m_ <=> CI_m_ + COA_m_	CIT	True	Common saturable (CM)	u_R37 * ( kC_R37 * sqrt( kEQ_R37  * kM_R37_ACCOA_m_ * kM_R37_OAA_m_ * kM_R37_H2O_m_ / kM_R37_CI_m_ / kM_R37_COA_m_ ) * ( ACCOA_m_ / kM_R37_ACCOA_m_ ) * ( OAA_m_ / kM_R37_OAA_m_ ) * ( H2O_m_ / kM_R37_H2O_m_ ) - kC_R37 / sqrt( kEQ_R37  * kM_R37_ACCOA_m_ * kM_R37_OAA_m_ * kM_R37_H2O_m_ / kM_R37_CI_m_ / kM_R37_COA_m_ ) * ( CI_m_ / kM_R37_CI_m_ ) * ( COA_m_ / kM_R37_COA_m_ ) ) / ( ( 1 + ACCOA_m_ / kM_R37_ACCOA_m_ ) * ( 1 + OAA_m_ / kM_R37_OAA_m_ ) * ( 1 + H2O_m_ / kM_R37_H2O_m_ ) + ( 1 + CI_m_ / kM_R37_CI_m_ ) * ( 1 + COA_m_ / kM_R37_COA_m_ ) - 1 )
ACO	CI_m_ <=> ICI_m_	ACO	True	Common saturable (CM)	u_R38 * ( kC_R38 * sqrt( kEQ_R38  * kM_R38_CI_m_ / kM_R38_ICI_m_ ) * ( CI_m_ / kM_R38_CI_m_ ) - kC_R38 / sqrt( kEQ_R38  * kM_R38_CI_m_ / kM_R38_ICI_m_ ) * ( ICI_m_ / kM_R38_ICI_m_ ) ) / ( ( 1 + CI_m_ / kM_R38_CI_m_ ) + ( 1 + ICI_m_ / kM_R38_ICI_m_ ) - 1 )
IDH	ICI_m_ + NAD_m_ <=> AKG_m_ + CO2_m_ + NADH_m_	IDH	True	Common saturable (CM)	u_R39 * ( kC_R39 * sqrt( kEQ_R39  * kM_R39_ICI_m_ * kM_R39_NAD_m_ / kM_R39_AKG_m_ / kM_R39_CO2_m_ / kM_R39_NADH_m_ ) * ( ICI_m_ / kM_R39_ICI_m_ ) * ( NAD_m_ / kM_R39_NAD_m_ ) - kC_R39 / sqrt( kEQ_R39  * kM_R39_ICI_m_ * kM_R39_NAD_m_ / kM_R39_AKG_m_ / kM_R39_CO2_m_ / kM_R39_NADH_m_ ) * ( AKG_m_ / kM_R39_AKG_m_ ) * ( CO2_m_ / kM_R39_CO2_m_ ) * ( NADH_m_ / kM_R39_NADH_m_ ) ) / ( ( 1 + ICI_m_ / kM_R39_ICI_m_ ) * ( 1 + NAD_m_ / kM_R39_NAD_m_ ) + ( 1 + AKG_m_ / kM_R39_AKG_m_ ) * ( 1 + CO2_m_ / kM_R39_CO2_m_ ) * ( 1 + NADH_m_ / kM_R39_NADH_m_ ) - 1 )
IDPH	ICI_m_ + NADP_m_ <=> AKG_m_ + CO2_m_ + NADPH_m_	IDPH	True	Common saturable (CM)	u_R40 * ( kC_R40 * sqrt( kEQ_R40  * kM_R40_ICI_m_ * kM_R40_NADP_m_ / kM_R40_AKG_m_ / kM_R40_CO2_m_ / kM_R40_NADPH_m_ ) * ( ICI_m_ / kM_R40_ICI_m_ ) * ( NADP_m_ / kM_R40_NADP_m_ ) - kC_R40 / sqrt( kEQ_R40  * kM_R40_ICI_m_ * kM_R40_NADP_m_ / kM_R40_AKG_m_ / kM_R40_CO2_m_ / kM_R40_NADPH_m_ ) * ( AKG_m_ / kM_R40_AKG_m_ ) * ( CO2_m_ / kM_R40_CO2_m_ ) * ( NADPH_m_ / kM_R40_NADPH_m_ ) ) / ( ( 1 + ICI_m_ / kM_R40_ICI_m_ ) * ( 1 + NADP_m_ / kM_R40_NADP_m_ ) + ( 1 + AKG_m_ / kM_R40_AKG_m_ ) * ( 1 + CO2_m_ / kM_R40_CO2_m_ ) * ( 1 + NADPH_m_ / kM_R40_NADPH_m_ ) - 1 )
KGD1	AKG_m_ + COA_m_ + NAD_m_ <=> CO2_m_ + NADH_m_ + Succinyl_CoA_m_	KGD1	True	Common saturable (CM)	u_R41 * ( kC_R41 * sqrt( kEQ_R41  * kM_R41_AKG_m_ * kM_R41_COA_m_ * kM_R41_NAD_m_ / kM_R41_CO2_m_ / kM_R41_NADH_m_ / kM_R41_Succinyl_CoA_m_ ) * ( AKG_m_ / kM_R41_AKG_m_ ) * ( COA_m_ / kM_R41_COA_m_ ) * ( NAD_m_ / kM_R41_NAD_m_ ) - kC_R41 / sqrt( kEQ_R41  * kM_R41_AKG_m_ * kM_R41_COA_m_ * kM_R41_NAD_m_ / kM_R41_CO2_m_ / kM_R41_NADH_m_ / kM_R41_Succinyl_CoA_m_ ) * ( CO2_m_ / kM_R41_CO2_m_ ) * ( NADH_m_ / kM_R41_NADH_m_ ) * ( Succinyl_CoA_m_ / kM_R41_Succinyl_CoA_m_ ) ) / ( ( 1 + AKG_m_ / kM_R41_AKG_m_ ) * ( 1 + COA_m_ / kM_R41_COA_m_ ) * ( 1 + NAD_m_ / kM_R41_NAD_m_ ) + ( 1 + CO2_m_ / kM_R41_CO2_m_ ) * ( 1 + NADH_m_ / kM_R41_NADH_m_ ) * ( 1 + Succinyl_CoA_m_ / kM_R41_Succinyl_CoA_m_ ) - 1 )
LSC2	ADP_m_ + PI_m_ + Succinyl_CoA_m_ <=> COA_m_ + SUC_m_ + ATP_m_	LSC2	True	Common saturable (CM)	u_R42 * ( kC_R42 * sqrt( kEQ_R42  * kM_R42_ADP_m_ * kM_R42_PI_m_ * kM_R42_Succinyl_CoA_m_ / kM_R42_COA_m_ / kM_R42_SUC_m_ / kM_R42_ATP_m_ ) * ( ADP_m_ / kM_R42_ADP_m_ ) * ( PI_m_ / kM_R42_PI_m_ ) * ( Succinyl_CoA_m_ / kM_R42_Succinyl_CoA_m_ ) - kC_R42 / sqrt( kEQ_R42  * kM_R42_ADP_m_ * kM_R42_PI_m_ * kM_R42_Succinyl_CoA_m_ / kM_R42_COA_m_ / kM_R42_SUC_m_ / kM_R42_ATP_m_ ) * ( COA_m_ / kM_R42_COA_m_ ) * ( SUC_m_ / kM_R42_SUC_m_ ) * ( ATP_m_ / kM_R42_ATP_m_ ) ) / ( ( 1 + ADP_m_ / kM_R42_ADP_m_ ) * ( 1 + PI_m_ / kM_R42_PI_m_ ) * ( 1 + Succinyl_CoA_m_ / kM_R42_Succinyl_CoA_m_ ) + ( 1 + COA_m_ / kM_R42_COA_m_ ) * ( 1 + SUC_m_ / kM_R42_SUC_m_ ) * ( 1 + ATP_m_ / kM_R42_ATP_m_ ) - 1 )
FUM1	FUM_m_ + H2O_m_ <=> MAL_m_	FUM1	True	Common saturable (CM)	u_R43 * ( kC_R43 * sqrt( kEQ_R43  * kM_R43_FUM_m_ * kM_R43_H2O_m_ / kM_R43_MAL_m_ ) * ( FUM_m_ / kM_R43_FUM_m_ ) * ( H2O_m_ / kM_R43_H2O_m_ ) - kC_R43 / sqrt( kEQ_R43  * kM_R43_FUM_m_ * kM_R43_H2O_m_ / kM_R43_MAL_m_ ) * ( MAL_m_ / kM_R43_MAL_m_ ) ) / ( ( 1 + FUM_m_ / kM_R43_FUM_m_ ) * ( 1 + H2O_m_ / kM_R43_H2O_m_ ) + ( 1 + MAL_m_ / kM_R43_MAL_m_ ) - 1 )
MDH1	MAL_m_ + NAD_m_ <=> NADH_m_ + OAA_m_	MDH1	True	Common saturable (CM)	u_R44 * ( kC_R44 * sqrt( kEQ_R44  * kM_R44_MAL_m_ * kM_R44_NAD_m_ / kM_R44_NADH_m_ / kM_R44_OAA_m_ ) * ( MAL_m_ / kM_R44_MAL_m_ ) * ( NAD_m_ / kM_R44_NAD_m_ ) - kC_R44 / sqrt( kEQ_R44  * kM_R44_MAL_m_ * kM_R44_NAD_m_ / kM_R44_NADH_m_ / kM_R44_OAA_m_ ) * ( NADH_m_ / kM_R44_NADH_m_ ) * ( OAA_m_ / kM_R44_OAA_m_ ) ) / ( ( 1 + MAL_m_ / kM_R44_MAL_m_ ) * ( 1 + NAD_m_ / kM_R44_NAD_m_ ) + ( 1 + NADH_m_ / kM_R44_NADH_m_ ) * ( 1 + OAA_m_ / kM_R44_OAA_m_ ) - 1 )
SDH	SUC_m_ + ubiquinone_6_m_ <=> FUM_m_ + ubiquinol_6_m_	SDH	True	Common saturable (CM)	u_R45 * ( kC_R45 * sqrt( kEQ_R45  * kM_R45_SUC_m_ * kM_R45_ubiquinone_6_m_ / kM_R45_FUM_m_ / kM_R45_ubiquinol_6_m_ ) * ( SUC_m_ / kM_R45_SUC_m_ ) * ( ubiquinone_6_m_ / kM_R45_ubiquinone_6_m_ ) - kC_R45 / sqrt( kEQ_R45  * kM_R45_SUC_m_ * kM_R45_ubiquinone_6_m_ / kM_R45_FUM_m_ / kM_R45_ubiquinol_6_m_ ) * ( FUM_m_ / kM_R45_FUM_m_ ) * ( ubiquinol_6_m_ / kM_R45_ubiquinol_6_m_ ) ) / ( ( 1 + SUC_m_ / kM_R45_SUC_m_ ) * ( 1 + ubiquinone_6_m_ / kM_R45_ubiquinone_6_m_ ) + ( 1 + FUM_m_ / kM_R45_FUM_m_ ) * ( 1 + ubiquinol_6_m_ / kM_R45_ubiquinol_6_m_ ) - 1 )
NDI1	NADH_m_ + ubiquinone_6_m_ <=> NAD_m_ + ubiquinol_6_m_	NDI1	True	Common saturable (CM)	u_R46 * ( kC_R46 * sqrt( kEQ_R46  * kM_R46_NADH_m_ * kM_R46_ubiquinone_6_m_ / kM_R46_NAD_m_ / kM_R46_ubiquinol_6_m_ ) * ( NADH_m_ / kM_R46_NADH_m_ ) * ( ubiquinone_6_m_ / kM_R46_ubiquinone_6_m_ ) - kC_R46 / sqrt( kEQ_R46  * kM_R46_NADH_m_ * kM_R46_ubiquinone_6_m_ / kM_R46_NAD_m_ / kM_R46_ubiquinol_6_m_ ) * ( NAD_m_ / kM_R46_NAD_m_ ) * ( ubiquinol_6_m_ / kM_R46_ubiquinol_6_m_ ) ) / ( ( 1 + NADH_m_ / kM_R46_NADH_m_ ) * ( 1 + ubiquinone_6_m_ / kM_R46_ubiquinone_6_m_ ) + ( 1 + NAD_m_ / kM_R46_NAD_m_ ) * ( 1 + ubiquinol_6_m_ / kM_R46_ubiquinol_6_m_ ) - 1 )
NDE2	NADH_c_ + ubiquinone_6_m_ <=> NAD_c_ + ubiquinol_6_m_	NDE2	True	Common saturable (CM)	u_R47 * ( kC_R47 * sqrt( kEQ_R47  * kM_R47_NADH_c_ * kM_R47_ubiquinone_6_m_ / kM_R47_NAD_c_ / kM_R47_ubiquinol_6_m_ ) * ( NADH_c_ / kM_R47_NADH_c_ ) * ( ubiquinone_6_m_ / kM_R47_ubiquinone_6_m_ ) - kC_R47 / sqrt( kEQ_R47  * kM_R47_NADH_c_ * kM_R47_ubiquinone_6_m_ / kM_R47_NAD_c_ / kM_R47_ubiquinol_6_m_ ) * ( NAD_c_ / kM_R47_NAD_c_ ) * ( ubiquinol_6_m_ / kM_R47_ubiquinol_6_m_ ) ) / ( ( 1 + NADH_c_ / kM_R47_NADH_c_ ) * ( 1 + ubiquinone_6_m_ / kM_R47_ubiquinone_6_m_ ) + ( 1 + NAD_c_ / kM_R47_NAD_c_ ) * ( 1 + ubiquinol_6_m_ / kM_R47_ubiquinol_6_m_ ) - 1 )
RIP1	ubiquinol_6_m_ + 2 Ferricytochrome_c_m_ + 2 H_m_ <=> ubiquinone_6_m_ + 2 Ferrocytochrome_c_m_ + 2 H_i_	RIP1	True	Common saturable (CM)	u_R48 * ( kC_R48 * sqrt( kEQ_R48  * kM_R48_ubiquinol_6_m_ * power( kM_R48_Ferricytochrome_c_m_ , 2 ) * power( kM_R48_H_m_ , 2 ) / kM_R48_ubiquinone_6_m_ / power( kM_R48_Ferrocytochrome_c_m_ , 2 ) / power( kM_R48_H_i_ , 2 ) ) * ( ubiquinol_6_m_ / kM_R48_ubiquinol_6_m_ ) * power( Ferricytochrome_c_m_ / kM_R48_Ferricytochrome_c_m_ , 2 ) * power( H_m_ / kM_R48_H_m_ , 2 ) - kC_R48 / sqrt( kEQ_R48  * kM_R48_ubiquinol_6_m_ * power( kM_R48_Ferricytochrome_c_m_ , 2 ) * power( kM_R48_H_m_ , 2 ) / kM_R48_ubiquinone_6_m_ / power( kM_R48_Ferrocytochrome_c_m_ , 2 ) / power( kM_R48_H_i_ , 2 ) ) * ( ubiquinone_6_m_ / kM_R48_ubiquinone_6_m_ ) * power( Ferrocytochrome_c_m_ / kM_R48_Ferrocytochrome_c_m_ , 2 ) * power( H_i_ / kM_R48_H_i_ , 2 ) ) / ( ( 1 + ubiquinol_6_m_ / kM_R48_ubiquinol_6_m_ ) * power( 1 + Ferricytochrome_c_m_ / kM_R48_Ferricytochrome_c_m_ , 2 ) * power( 1 + H_m_ / kM_R48_H_m_ , 2 ) + ( 1 + ubiquinone_6_m_ / kM_R48_ubiquinone_6_m_ ) * power( 1 + Ferrocytochrome_c_m_ / kM_R48_Ferrocytochrome_c_m_ , 2 ) * power( 1 + H_i_ / kM_R48_H_i_ , 2 ) - 1 )
COX1	0.25 O2_c_ + Ferrocytochrome_c_m_ + 2 H_m_ <=> Ferricytochrome_c_m_ + H_i_ + 0.50 H2O_m_	COX1	True	Common saturable (CM)	u_R49 * ( kC_R49 * sqrt( kEQ_R49  * power( kM_R49_O2_c_ , 2.500000e-01 ) * kM_R49_Ferrocytochrome_c_m_ * power( kM_R49_H_m_ , 2 ) / kM_R49_Ferricytochrome_c_m_ / kM_R49_H_i_ / power( kM_R49_H2O_m_ , 5.000000e-01 ) ) * power( O2_c_ / kM_R49_O2_c_ , 2.500000e-01 ) * ( Ferrocytochrome_c_m_ / kM_R49_Ferrocytochrome_c_m_ ) * power( H_m_ / kM_R49_H_m_ , 2 ) - kC_R49 / sqrt( kEQ_R49  * power( kM_R49_O2_c_ , 2.500000e-01 ) * kM_R49_Ferrocytochrome_c_m_ * power( kM_R49_H_m_ , 2 ) / kM_R49_Ferricytochrome_c_m_ / kM_R49_H_i_ / power( kM_R49_H2O_m_ , 5.000000e-01 ) ) * ( Ferricytochrome_c_m_ / kM_R49_Ferricytochrome_c_m_ ) * ( H_i_ / kM_R49_H_i_ ) * power( H2O_m_ / kM_R49_H2O_m_ , 5.000000e-01 ) ) / ( power( 1 + O2_c_ / kM_R49_O2_c_ , 2.500000e-01 ) * ( 1 + Ferrocytochrome_c_m_ / kM_R49_Ferrocytochrome_c_m_ ) * power( 1 + H_m_ / kM_R49_H_m_ , 2 ) + ( 1 + Ferricytochrome_c_m_ / kM_R49_Ferricytochrome_c_m_ ) * ( 1 + H_i_ / kM_R49_H_i_ ) * power( 1 + H2O_m_ / kM_R49_H2O_m_ , 5.000000e-01 ) - 1 )
ATP1	3 H_i_ + ADP_m_ + PI_m_ <=> 3 H_m_ + ATP_m_ + H2O_m_	ATP1	True	Common saturable (CM)	u_R50 * ( kC_R50 * sqrt( kEQ_R50  * power( kM_R50_H_i_ , 3 ) * kM_R50_ADP_m_ * kM_R50_PI_m_ / power( kM_R50_H_m_ , 3 ) / kM_R50_ATP_m_ / kM_R50_H2O_m_ ) * power( H_i_ / kM_R50_H_i_ , 3 ) * ( ADP_m_ / kM_R50_ADP_m_ ) * ( PI_m_ / kM_R50_PI_m_ ) - kC_R50 / sqrt( kEQ_R50  * power( kM_R50_H_i_ , 3 ) * kM_R50_ADP_m_ * kM_R50_PI_m_ / power( kM_R50_H_m_ , 3 ) / kM_R50_ATP_m_ / kM_R50_H2O_m_ ) * power( H_m_ / kM_R50_H_m_ , 3 ) * ( ATP_m_ / kM_R50_ATP_m_ ) * ( H2O_m_ / kM_R50_H2O_m_ ) ) / ( power( 1 + H_i_ / kM_R50_H_i_ , 3 ) * ( 1 + ADP_m_ / kM_R50_ADP_m_ ) * ( 1 + PI_m_ / kM_R50_PI_m_ ) + power( 1 + H_m_ / kM_R50_H_m_ , 3 ) * ( 1 + ATP_m_ / kM_R50_ATP_m_ ) * ( 1 + H2O_m_ / kM_R50_H2O_m_ ) - 1 )
%					
!!SBtab TableName='Compound' TableType='Compound' Document='reducedYeast_ECM' Date='2018-11-21' SBtabVersion='1.0'					
!ID	!Name	!IsConstant	!InitialConcentration		
MAL_m_	MAL_m_	False	1		
AKG_m_	AKG_m_	False	2		
P2G_c_	P2G_c_	False	3		
P3G_c_	P3G_c_	False	4		
P13G_c_	P13G_c_	False	5		
G15L_c_	G15L_c_	False	6		
P6G_c_	P6G_c_	False	7		
ACA_c_	ACA_c_	False	8		
AC_c_	AC_c_	False	9		
ACCOA_c_	ACCOA_c_	False	10		
ACCOA_m_	ACCOA_m_	False	11		
ADP_c_	ADP_c_	False	12		
GLC_c_	GLC_c_	False	13		
G6P_c_	G6P_c_	False	14		
ATP_c_	ATP_c_	False	15		
AMP_c_	AMP_c_	False	16		
F16P_c_	F16P_c_	False	17		
F6P_c_	F6P_c_	False	18		
BIOMASS_c_	BIOMASS_c_	False	19		
CI_m_	CI_m_	False	20		
CO2_c_	CO2_c_	False	21		
CO2_m_	CO2_m_	False	22		
COA_c_	COA_c_	False	23		
COA_m_	COA_m_	False	24		
E4P_c_	E4P_c_	False	25		
GA3P_c_	GA3P_c_	False	26		
R5P_c_	R5P_c_	False	27		
RU5P_c_	RU5P_c_	False	28		
X5P_c_	X5P_c_	False	29		
ETH_c_	ETH_c_	False	30		
FUM_m_	FUM_m_	False	31		
GP_c_	GP_c_	False	32		
GLY_c_	GLY_c_	False	33		
DHAP_c_	DHAP_c_	False	34		
ICI_m_	ICI_m_	False	35		
NAD_c_	NAD_c_	False	36		
NAD_m_	NAD_m_	False	37		
NADH_c_	NADH_c_	False	38		
NADH_m_	NADH_m_	False	39		
NADP_c_	NADP_c_	False	40		
NADP_m_	NADP_m_	False	41		
NADPH_c_	NADPH_c_	False	42		
NADPH_m_	NADPH_m_	False	43		
O2_c_	O2_c_	False	44		
OAA_m_	OAA_m_	False	45		
PI_c_	PI_c_	False	46		
PEP_c_	PEP_c_	False	47		
PYR_c_	PYR_c_	False	48		
S7P_c_	S7P_c_	False	49		
SUC_m_	SUC_m_	False	50		
ubiquinone_6_m_	ubiquinone_6_m_	False	51		
ubiquinol_6_m_	ubiquinol_6_m_	False	52		
Ferricytochrome_c_m_	Ferricytochrome_c_m_	False	53		
Ferrocytochrome_c_m_	Ferrocytochrome_c_m_	False	54		
H_m_	H_m_	False	55		
H_i_	H_i_	False	56		
growthProteinAlt_c_	growthProteinAlt_c_	False	57		
growthProtein_c_	growthProtein_c_	False	58		
growthRNA_c_	growthRNA_c_	False	59		
growthDNA_c_	growthDNA_c_	False	60		
growthLipid_c_	growthLipid_c_	False	61		
growthGlycogen_c_	growthGlycogen_c_	False	62		
growthTrehalose_c_	growthTrehalose_c_	False	63		
growthMannan_c_	growthMannan_c_	False	64		
growthGlucan_c_	growthGlucan_c_	False	65		
growthMaintainance_c_	growthMaintainance_c_	False	66		
ATP_m_	ATP_m_	False	67		
ADP_m_	ADP_m_	False	68		
PI_m_	PI_m_	False	69		
PYR_m_	PYR_m_	False	70		
OAA_c_	OAA_c_	False	71		
GAL_c_	GAL_c_	False	72		
GALP_c_	GALP_c_	False	73		
GALUDP_c_	GALUDP_c_	False	74		
GLUUDP_c_	GLUUDP_c_	False	75		
G1P_c_	G1P_c_	False	76		
Glyoxylate_m_	Glyoxylate_m_	False	77		
Succinyl_CoA_m_	Succinyl_CoA_m_	False	78		
H2O_m_	H2O_m_	False	79		
H2O_c_	H2O_c_	False	80		
HCO3_c_	HCO3_c_	False	81		
%					
!!SBtab SBtabVersion='1.0' TableType='Quantity' TableName='Parameter' Document='reducedYeast_ECM' Date='2018-11-21'					
!QuantityType	!Reaction	!Compound	!Mode	!Unit	!ID
equilibrium constant	GAL1		1	dimensionless	kEQ_R1
equilibrium constant	GAL10		1	dimensionless	kEQ_R2
equilibrium constant	GAL7b		1	dimensionless	kEQ_R3
equilibrium constant	PGM1_2		1	dimensionless	kEQ_R4
equilibrium constant	HXK		1	dimensionless	kEQ_R5
equilibrium constant	PGI		1	dimensionless	kEQ_R6
equilibrium constant	PFK		1	dimensionless	kEQ_R7
equilibrium constant	FBP		1	dimensionless	kEQ_R8
equilibrium constant	FBA		1	dimensionless	kEQ_R9
equilibrium constant	TPI		1	dimensionless	kEQ_R10
equilibrium constant	GLD		1	dimensionless	kEQ_R11
equilibrium constant	PGK		1	dimensionless	kEQ_R12
equilibrium constant	GPM		1	dimensionless	kEQ_R13
equilibrium constant	ENO		1	dimensionless	kEQ_R14
equilibrium constant	CDC		1	dimensionless	kEQ_R15
equilibrium constant	ZWF		1	dimensionless	kEQ_R16
equilibrium constant	PGL		1	dimensionless	kEQ_R17
equilibrium constant	GND		1	dimensionless	kEQ_R18
equilibrium constant	RPI		1	dimensionless	kEQ_R19
equilibrium constant	RPE		1	dimensionless	kEQ_R20
equilibrium constant	TKLa		1	dimensionless	kEQ_R21
equilibrium constant	TAL1		1	dimensionless	kEQ_R22
equilibrium constant	TKLb		1	dimensionless	kEQ_R23
equilibrium constant	DAR		1	dimensionless	kEQ_R24
equilibrium constant	GPP		1	dimensionless	kEQ_R25
equilibrium constant	PDC		1	dimensionless	kEQ_R26
equilibrium constant	ADH1		1	dimensionless	kEQ_R27
equilibrium constant	ALD6		1	dimensionless	kEQ_R28
equilibrium constant	ALD2		1	dimensionless	kEQ_R29
equilibrium constant	ICL1		1	dimensionless	kEQ_R30
equilibrium constant	MLS1		1	dimensionless	kEQ_R31
equilibrium constant	PDH		1	dimensionless	kEQ_R32
equilibrium constant	ACS		1	dimensionless	kEQ_R33
equilibrium constant	ADK1_1		1	dimensionless	kEQ_R34
equilibrium constant	PCK		1	dimensionless	kEQ_R35
equilibrium constant	PYC		1	dimensionless	kEQ_R36
equilibrium constant	CIT		1	dimensionless	kEQ_R37
equilibrium constant	ACO		1	dimensionless	kEQ_R38
equilibrium constant	IDH		1	dimensionless	kEQ_R39
equilibrium constant	IDPH		1	dimensionless	kEQ_R40
equilibrium constant	KGD1		1	dimensionless	kEQ_R41
equilibrium constant	LSC2		1	dimensionless	kEQ_R42
equilibrium constant	FUM1		1	dimensionless	kEQ_R43
equilibrium constant	MDH1		1	dimensionless	kEQ_R44
equilibrium constant	SDH		1	dimensionless	kEQ_R45
equilibrium constant	NDI1		1	dimensionless	kEQ_R46
equilibrium constant	NDE2		1	dimensionless	kEQ_R47
equilibrium constant	RIP1		1	dimensionless	kEQ_R48
equilibrium constant	COX1		1	dimensionless	kEQ_R49
equilibrium constant	ATP1		1	dimensionless	kEQ_R50
catalytic rate constant geometric mean	GAL1		1	1/s	kC_R1
catalytic rate constant geometric mean	GAL10		1	1/s	kC_R2
catalytic rate constant geometric mean	GAL7b		1	1/s	kC_R3
catalytic rate constant geometric mean	PGM1_2		1	1/s	kC_R4
catalytic rate constant geometric mean	HXK		1	1/s	kC_R5
catalytic rate constant geometric mean	PGI		1	1/s	kC_R6
catalytic rate constant geometric mean	PFK		1	1/s	kC_R7
catalytic rate constant geometric mean	FBP		1	1/s	kC_R8
catalytic rate constant geometric mean	FBA		1	1/s	kC_R9
catalytic rate constant geometric mean	TPI		1	1/s	kC_R10
catalytic rate constant geometric mean	GLD		1	1/s	kC_R11
catalytic rate constant geometric mean	PGK		1	1/s	kC_R12
catalytic rate constant geometric mean	GPM		1	1/s	kC_R13
catalytic rate constant geometric mean	ENO		1	1/s	kC_R14
catalytic rate constant geometric mean	CDC		1	1/s	kC_R15
catalytic rate constant geometric mean	ZWF		1	1/s	kC_R16
catalytic rate constant geometric mean	PGL		1	1/s	kC_R17
catalytic rate constant geometric mean	GND		1	1/s	kC_R18
catalytic rate constant geometric mean	RPI		1	1/s	kC_R19
catalytic rate constant geometric mean	RPE		1	1/s	kC_R20
catalytic rate constant geometric mean	TKLa		1	1/s	kC_R21
catalytic rate constant geometric mean	TAL1		1	1/s	kC_R22
catalytic rate constant geometric mean	TKLb		1	1/s	kC_R23
catalytic rate constant geometric mean	DAR		1	1/s	kC_R24
catalytic rate constant geometric mean	GPP		1	1/s	kC_R25
catalytic rate constant geometric mean	PDC		1	1/s	kC_R26
catalytic rate constant geometric mean	ADH1		1	1/s	kC_R27
catalytic rate constant geometric mean	ALD6		1	1/s	kC_R28
catalytic rate constant geometric mean	ALD2		1	1/s	kC_R29
catalytic rate constant geometric mean	ICL1		1	1/s	kC_R30
catalytic rate constant geometric mean	MLS1		1	1/s	kC_R31
catalytic rate constant geometric mean	PDH		1	1/s	kC_R32
catalytic rate constant geometric mean	ACS		1	1/s	kC_R33
catalytic rate constant geometric mean	ADK1_1		1	1/s	kC_R34
catalytic rate constant geometric mean	PCK		1	1/s	kC_R35
catalytic rate constant geometric mean	PYC		1	1/s	kC_R36
catalytic rate constant geometric mean	CIT		1	1/s	kC_R37
catalytic rate constant geometric mean	ACO		1	1/s	kC_R38
catalytic rate constant geometric mean	IDH		1	1/s	kC_R39
catalytic rate constant geometric mean	IDPH		1	1/s	kC_R40
catalytic rate constant geometric mean	KGD1		1	1/s	kC_R41
catalytic rate constant geometric mean	LSC2		1	1/s	kC_R42
catalytic rate constant geometric mean	FUM1		1	1/s	kC_R43
catalytic rate constant geometric mean	MDH1		1	1/s	kC_R44
catalytic rate constant geometric mean	SDH		1	1/s	kC_R45
catalytic rate constant geometric mean	NDI1		1	1/s	kC_R46
catalytic rate constant geometric mean	NDE2		1	1/s	kC_R47
catalytic rate constant geometric mean	RIP1		1	1/s	kC_R48
catalytic rate constant geometric mean	COX1		1	1/s	kC_R49
catalytic rate constant geometric mean	ATP1		1	1/s	kC_R50
Michaelis constant	MLS1	MAL_m_	1	mM	kM_R31_MAL_m_
Michaelis constant	FUM1	MAL_m_	1	mM	kM_R43_MAL_m_
Michaelis constant	MDH1	MAL_m_	1	mM	kM_R44_MAL_m_
Michaelis constant	IDH	AKG_m_	1	mM	kM_R39_AKG_m_
Michaelis constant	IDPH	AKG_m_	1	mM	kM_R40_AKG_m_
Michaelis constant	KGD1	AKG_m_	1	mM	kM_R41_AKG_m_
Michaelis constant	GPM	P2G_c_	1	mM	kM_R13_P2G_c_
Michaelis constant	ENO	P2G_c_	1	mM	kM_R14_P2G_c_
Michaelis constant	PGK	P3G_c_	1	mM	kM_R12_P3G_c_
Michaelis constant	GPM	P3G_c_	1	mM	kM_R13_P3G_c_
Michaelis constant	GLD	P13G_c_	1	mM	kM_R11_P13G_c_
Michaelis constant	PGK	P13G_c_	1	mM	kM_R12_P13G_c_
Michaelis constant	ZWF	G15L_c_	1	mM	kM_R16_G15L_c_
Michaelis constant	PGL	G15L_c_	1	mM	kM_R17_G15L_c_
Michaelis constant	PGL	P6G_c_	1	mM	kM_R17_P6G_c_
Michaelis constant	GND	P6G_c_	1	mM	kM_R18_P6G_c_
Michaelis constant	PDC	ACA_c_	1	mM	kM_R26_ACA_c_
Michaelis constant	ADH1	ACA_c_	1	mM	kM_R27_ACA_c_
Michaelis constant	ALD6	ACA_c_	1	mM	kM_R28_ACA_c_
Michaelis constant	ALD2	ACA_c_	1	mM	kM_R29_ACA_c_
Michaelis constant	ALD6	AC_c_	1	mM	kM_R28_AC_c_
Michaelis constant	ALD2	AC_c_	1	mM	kM_R29_AC_c_
Michaelis constant	ACS	AC_c_	1	mM	kM_R33_AC_c_
Michaelis constant	ACS	ACCOA_c_	1	mM	kM_R33_ACCOA_c_
Michaelis constant	MLS1	ACCOA_m_	1	mM	kM_R31_ACCOA_m_
Michaelis constant	PDH	ACCOA_m_	1	mM	kM_R32_ACCOA_m_
Michaelis constant	CIT	ACCOA_m_	1	mM	kM_R37_ACCOA_m_
Michaelis constant	GAL1	ADP_c_	1	mM	kM_R1_ADP_c_
Michaelis constant	HXK	ADP_c_	1	mM	kM_R5_ADP_c_
Michaelis constant	PFK	ADP_c_	1	mM	kM_R7_ADP_c_
Michaelis constant	PGK	ADP_c_	1	mM	kM_R12_ADP_c_
Michaelis constant	CDC	ADP_c_	1	mM	kM_R15_ADP_c_
Michaelis constant	ADK1_1	ADP_c_	1	mM	kM_R34_ADP_c_
Michaelis constant	PCK	ADP_c_	1	mM	kM_R35_ADP_c_
Michaelis constant	PYC	ADP_c_	1	mM	kM_R36_ADP_c_
Michaelis constant	HXK	GLC_c_	1	mM	kM_R5_GLC_c_
Michaelis constant	PGM1_2	G6P_c_	1	mM	kM_R4_G6P_c_
Michaelis constant	HXK	G6P_c_	1	mM	kM_R5_G6P_c_
Michaelis constant	PGI	G6P_c_	1	mM	kM_R6_G6P_c_
Michaelis constant	ZWF	G6P_c_	1	mM	kM_R16_G6P_c_
Michaelis constant	GAL1	ATP_c_	1	mM	kM_R1_ATP_c_
Michaelis constant	HXK	ATP_c_	1	mM	kM_R5_ATP_c_
Michaelis constant	PFK	ATP_c_	1	mM	kM_R7_ATP_c_
Michaelis constant	PGK	ATP_c_	1	mM	kM_R12_ATP_c_
Michaelis constant	CDC	ATP_c_	1	mM	kM_R15_ATP_c_
Michaelis constant	ACS	ATP_c_	1	mM	kM_R33_ATP_c_
Michaelis constant	ADK1_1	ATP_c_	1	mM	kM_R34_ATP_c_
Michaelis constant	PCK	ATP_c_	1	mM	kM_R35_ATP_c_
Michaelis constant	PYC	ATP_c_	1	mM	kM_R36_ATP_c_
Michaelis constant	ACS	AMP_c_	1	mM	kM_R33_AMP_c_
Michaelis constant	ADK1_1	AMP_c_	1	mM	kM_R34_AMP_c_
Michaelis constant	PFK	F16P_c_	1	mM	kM_R7_F16P_c_
Michaelis constant	FBP	F16P_c_	1	mM	kM_R8_F16P_c_
Michaelis constant	FBA	F16P_c_	1	mM	kM_R9_F16P_c_
Michaelis constant	PGI	F6P_c_	1	mM	kM_R6_F6P_c_
Michaelis constant	PFK	F6P_c_	1	mM	kM_R7_F6P_c_
Michaelis constant	FBP	F6P_c_	1	mM	kM_R8_F6P_c_
Michaelis constant	TAL1	F6P_c_	1	mM	kM_R22_F6P_c_
Michaelis constant	TKLb	F6P_c_	1	mM	kM_R23_F6P_c_
Michaelis constant	CIT	CI_m_	1	mM	kM_R37_CI_m_
Michaelis constant	ACO	CI_m_	1	mM	kM_R38_CI_m_
Michaelis constant	GND	CO2_c_	1	mM	kM_R18_CO2_c_
Michaelis constant	PDC	CO2_c_	1	mM	kM_R26_CO2_c_
Michaelis constant	PCK	CO2_c_	1	mM	kM_R35_CO2_c_
Michaelis constant	PDH	CO2_m_	1	mM	kM_R32_CO2_m_
Michaelis constant	IDH	CO2_m_	1	mM	kM_R39_CO2_m_
Michaelis constant	IDPH	CO2_m_	1	mM	kM_R40_CO2_m_
Michaelis constant	KGD1	CO2_m_	1	mM	kM_R41_CO2_m_
Michaelis constant	ACS	COA_c_	1	mM	kM_R33_COA_c_
Michaelis constant	MLS1	COA_m_	1	mM	kM_R31_COA_m_
Michaelis constant	PDH	COA_m_	1	mM	kM_R32_COA_m_
Michaelis constant	CIT	COA_m_	1	mM	kM_R37_COA_m_
Michaelis constant	KGD1	COA_m_	1	mM	kM_R41_COA_m_
Michaelis constant	LSC2	COA_m_	1	mM	kM_R42_COA_m_
Michaelis constant	TAL1	E4P_c_	1	mM	kM_R22_E4P_c_
Michaelis constant	TKLb	E4P_c_	1	mM	kM_R23_E4P_c_
Michaelis constant	FBA	GA3P_c_	1	mM	kM_R9_GA3P_c_
Michaelis constant	TPI	GA3P_c_	1	mM	kM_R10_GA3P_c_
Michaelis constant	GLD	GA3P_c_	1	mM	kM_R11_GA3P_c_
Michaelis constant	TKLa	GA3P_c_	1	mM	kM_R21_GA3P_c_
Michaelis constant	TAL1	GA3P_c_	1	mM	kM_R22_GA3P_c_
Michaelis constant	TKLb	GA3P_c_	1	mM	kM_R23_GA3P_c_
Michaelis constant	RPI	R5P_c_	1	mM	kM_R19_R5P_c_
Michaelis constant	TKLa	R5P_c_	1	mM	kM_R21_R5P_c_
Michaelis constant	GND	RU5P_c_	1	mM	kM_R18_RU5P_c_
Michaelis constant	RPI	RU5P_c_	1	mM	kM_R19_RU5P_c_
Michaelis constant	RPE	RU5P_c_	1	mM	kM_R20_RU5P_c_
Michaelis constant	RPE	X5P_c_	1	mM	kM_R20_X5P_c_
Michaelis constant	TKLa	X5P_c_	1	mM	kM_R21_X5P_c_
Michaelis constant	TKLb	X5P_c_	1	mM	kM_R23_X5P_c_
Michaelis constant	ADH1	ETH_c_	1	mM	kM_R27_ETH_c_
Michaelis constant	FUM1	FUM_m_	1	mM	kM_R43_FUM_m_
Michaelis constant	SDH	FUM_m_	1	mM	kM_R45_FUM_m_
Michaelis constant	DAR	GP_c_	1	mM	kM_R24_GP_c_
Michaelis constant	GPP	GP_c_	1	mM	kM_R25_GP_c_
Michaelis constant	GPP	GLY_c_	1	mM	kM_R25_GLY_c_
Michaelis constant	FBA	DHAP_c_	1	mM	kM_R9_DHAP_c_
Michaelis constant	TPI	DHAP_c_	1	mM	kM_R10_DHAP_c_
Michaelis constant	DAR	DHAP_c_	1	mM	kM_R24_DHAP_c_
Michaelis constant	ICL1	ICI_m_	1	mM	kM_R30_ICI_m_
Michaelis constant	ACO	ICI_m_	1	mM	kM_R38_ICI_m_
Michaelis constant	IDH	ICI_m_	1	mM	kM_R39_ICI_m_
Michaelis constant	IDPH	ICI_m_	1	mM	kM_R40_ICI_m_
Michaelis constant	GLD	NAD_c_	1	mM	kM_R11_NAD_c_
Michaelis constant	DAR	NAD_c_	1	mM	kM_R24_NAD_c_
Michaelis constant	ADH1	NAD_c_	1	mM	kM_R27_NAD_c_
Michaelis constant	ALD2	NAD_c_	1	mM	kM_R29_NAD_c_
Michaelis constant	NDE2	NAD_c_	1	mM	kM_R47_NAD_c_
Michaelis constant	PDH	NAD_m_	1	mM	kM_R32_NAD_m_
Michaelis constant	IDH	NAD_m_	1	mM	kM_R39_NAD_m_
Michaelis constant	KGD1	NAD_m_	1	mM	kM_R41_NAD_m_
Michaelis constant	MDH1	NAD_m_	1	mM	kM_R44_NAD_m_
Michaelis constant	NDI1	NAD_m_	1	mM	kM_R46_NAD_m_
Michaelis constant	GLD	NADH_c_	1	mM	kM_R11_NADH_c_
Michaelis constant	DAR	NADH_c_	1	mM	kM_R24_NADH_c_
Michaelis constant	ADH1	NADH_c_	1	mM	kM_R27_NADH_c_
Michaelis constant	ALD2	NADH_c_	1	mM	kM_R29_NADH_c_
Michaelis constant	NDE2	NADH_c_	1	mM	kM_R47_NADH_c_
Michaelis constant	PDH	NADH_m_	1	mM	kM_R32_NADH_m_
Michaelis constant	IDH	NADH_m_	1	mM	kM_R39_NADH_m_
Michaelis constant	KGD1	NADH_m_	1	mM	kM_R41_NADH_m_
Michaelis constant	MDH1	NADH_m_	1	mM	kM_R44_NADH_m_
Michaelis constant	NDI1	NADH_m_	1	mM	kM_R46_NADH_m_
Michaelis constant	ZWF	NADP_c_	1	mM	kM_R16_NADP_c_
Michaelis constant	GND	NADP_c_	1	mM	kM_R18_NADP_c_
Michaelis constant	ALD6	NADP_c_	1	mM	kM_R28_NADP_c_
Michaelis constant	IDPH	NADP_m_	1	mM	kM_R40_NADP_m_
Michaelis constant	ZWF	NADPH_c_	1	mM	kM_R16_NADPH_c_
Michaelis constant	GND	NADPH_c_	1	mM	kM_R18_NADPH_c_
Michaelis constant	ALD6	NADPH_c_	1	mM	kM_R28_NADPH_c_
Michaelis constant	IDPH	NADPH_m_	1	mM	kM_R40_NADPH_m_
Michaelis constant	COX1	O2_c_	1	mM	kM_R49_O2_c_
Michaelis constant	CIT	OAA_m_	1	mM	kM_R37_OAA_m_
Michaelis constant	MDH1	OAA_m_	1	mM	kM_R44_OAA_m_
Michaelis constant	FBP	PI_c_	1	mM	kM_R8_PI_c_
Michaelis constant	GLD	PI_c_	1	mM	kM_R11_PI_c_
Michaelis constant	GPP	PI_c_	1	mM	kM_R25_PI_c_
Michaelis constant	ACS	PI_c_	1	mM	kM_R33_PI_c_
Michaelis constant	PYC	PI_c_	1	mM	kM_R36_PI_c_
Michaelis constant	ENO	PEP_c_	1	mM	kM_R14_PEP_c_
Michaelis constant	CDC	PEP_c_	1	mM	kM_R15_PEP_c_
Michaelis constant	PCK	PEP_c_	1	mM	kM_R35_PEP_c_
Michaelis constant	CDC	PYR_c_	1	mM	kM_R15_PYR_c_
Michaelis constant	PDC	PYR_c_	1	mM	kM_R26_PYR_c_
Michaelis constant	PYC	PYR_c_	1	mM	kM_R36_PYR_c_
Michaelis constant	TKLa	S7P_c_	1	mM	kM_R21_S7P_c_
Michaelis constant	TAL1	S7P_c_	1	mM	kM_R22_S7P_c_
Michaelis constant	ICL1	SUC_m_	1	mM	kM_R30_SUC_m_
Michaelis constant	LSC2	SUC_m_	1	mM	kM_R42_SUC_m_
Michaelis constant	SDH	SUC_m_	1	mM	kM_R45_SUC_m_
Michaelis constant	SDH	ubiquinone_6_m_	1	mM	kM_R45_ubiquinone_6_m_
Michaelis constant	NDI1	ubiquinone_6_m_	1	mM	kM_R46_ubiquinone_6_m_
Michaelis constant	NDE2	ubiquinone_6_m_	1	mM	kM_R47_ubiquinone_6_m_
Michaelis constant	RIP1	ubiquinone_6_m_	1	mM	kM_R48_ubiquinone_6_m_
Michaelis constant	SDH	ubiquinol_6_m_	1	mM	kM_R45_ubiquinol_6_m_
Michaelis constant	NDI1	ubiquinol_6_m_	1	mM	kM_R46_ubiquinol_6_m_
Michaelis constant	NDE2	ubiquinol_6_m_	1	mM	kM_R47_ubiquinol_6_m_
Michaelis constant	RIP1	ubiquinol_6_m_	1	mM	kM_R48_ubiquinol_6_m_
Michaelis constant	RIP1	Ferricytochrome_c_m_	1	mM	kM_R48_Ferricytochrome_c_m_
Michaelis constant	COX1	Ferricytochrome_c_m_	1	mM	kM_R49_Ferricytochrome_c_m_
Michaelis constant	RIP1	Ferrocytochrome_c_m_	1	mM	kM_R48_Ferrocytochrome_c_m_
Michaelis constant	COX1	Ferrocytochrome_c_m_	1	mM	kM_R49_Ferrocytochrome_c_m_
Michaelis constant	RIP1	H_m_	1	mM	kM_R48_H_m_
Michaelis constant	COX1	H_m_	1	mM	kM_R49_H_m_
Michaelis constant	ATP1	H_m_	1	mM	kM_R50_H_m_
Michaelis constant	RIP1	H_i_	1	mM	kM_R48_H_i_
Michaelis constant	COX1	H_i_	1	mM	kM_R49_H_i_
Michaelis constant	ATP1	H_i_	1	mM	kM_R50_H_i_
Michaelis constant	LSC2	ATP_m_	1	mM	kM_R42_ATP_m_
Michaelis constant	ATP1	ATP_m_	1	mM	kM_R50_ATP_m_
Michaelis constant	LSC2	ADP_m_	1	mM	kM_R42_ADP_m_
Michaelis constant	ATP1	ADP_m_	1	mM	kM_R50_ADP_m_
Michaelis constant	LSC2	PI_m_	1	mM	kM_R42_PI_m_
Michaelis constant	ATP1	PI_m_	1	mM	kM_R50_PI_m_
Michaelis constant	PDH	PYR_m_	1	mM	kM_R32_PYR_m_
Michaelis constant	PCK	OAA_c_	1	mM	kM_R35_OAA_c_
Michaelis constant	PYC	OAA_c_	1	mM	kM_R36_OAA_c_
Michaelis constant	GAL1	GAL_c_	1	mM	kM_R1_GAL_c_
Michaelis constant	GAL1	GALP_c_	1	mM	kM_R1_GALP_c_
Michaelis constant	GAL7b	GALP_c_	1	mM	kM_R3_GALP_c_
Michaelis constant	GAL10	GALUDP_c_	1	mM	kM_R2_GALUDP_c_
Michaelis constant	GAL7b	GALUDP_c_	1	mM	kM_R3_GALUDP_c_
Michaelis constant	GAL10	GLUUDP_c_	1	mM	kM_R2_GLUUDP_c_
Michaelis constant	GAL7b	GLUUDP_c_	1	mM	kM_R3_GLUUDP_c_
Michaelis constant	GAL7b	G1P_c_	1	mM	kM_R3_G1P_c_
Michaelis constant	PGM1_2	G1P_c_	1	mM	kM_R4_G1P_c_
Michaelis constant	ICL1	Glyoxylate_m_	1	mM	kM_R30_Glyoxylate_m_
Michaelis constant	MLS1	Glyoxylate_m_	1	mM	kM_R31_Glyoxylate_m_
Michaelis constant	KGD1	Succinyl_CoA_m_	1	mM	kM_R41_Succinyl_CoA_m_
Michaelis constant	LSC2	Succinyl_CoA_m_	1	mM	kM_R42_Succinyl_CoA_m_
Michaelis constant	MLS1	H2O_m_	1	mM	kM_R31_H2O_m_
Michaelis constant	CIT	H2O_m_	1	mM	kM_R37_H2O_m_
Michaelis constant	FUM1	H2O_m_	1	mM	kM_R43_H2O_m_
Michaelis constant	COX1	H2O_m_	1	mM	kM_R49_H2O_m_
Michaelis constant	ATP1	H2O_m_	1	mM	kM_R50_H2O_m_
Michaelis constant	FBP	H2O_c_	1	mM	kM_R8_H2O_c_
Michaelis constant	ENO	H2O_c_	1	mM	kM_R14_H2O_c_
Michaelis constant	PGL	H2O_c_	1	mM	kM_R17_H2O_c_
Michaelis constant	GPP	H2O_c_	1	mM	kM_R25_H2O_c_
Michaelis constant	ALD6	H2O_c_	1	mM	kM_R28_H2O_c_
Michaelis constant	ALD2	H2O_c_	1	mM	kM_R29_H2O_c_
Michaelis constant	ACS	H2O_c_	1	mM	kM_R33_H2O_c_
Michaelis constant	PYC	HCO3_c_	1	mM	kM_R36_HCO3_c_
concentration		MAL_m_	1	mM	c_MAL_m_
concentration		AKG_m_	1	mM	c_AKG_m_
concentration		P2G_c_	1	mM	c_P2G_c_
concentration		P3G_c_	1	mM	c_P3G_c_
concentration		P13G_c_	1	mM	c_P13G_c_
concentration		G15L_c_	1	mM	c_G15L_c_
concentration		P6G_c_	1	mM	c_P6G_c_
concentration		ACA_c_	1	mM	c_ACA_c_
concentration		AC_c_	1	mM	c_AC_c_
concentration		ACCOA_c_	1	mM	c_ACCOA_c_
concentration		ACCOA_m_	1	mM	c_ACCOA_m_
concentration		ADP_c_	1	mM	c_ADP_c_
concentration		GLC_c_	1	mM	c_GLC_c_
concentration		G6P_c_	1	mM	c_G6P_c_
concentration		ATP_c_	1	mM	c_ATP_c_
concentration		AMP_c_	1	mM	c_AMP_c_
concentration		F16P_c_	1	mM	c_F16P_c_
concentration		F6P_c_	1	mM	c_F6P_c_
concentration		BIOMASS_c_	1	mM	c_BIOMASS_c_
concentration		CI_m_	1	mM	c_CI_m_
concentration		CO2_c_	1	mM	c_CO2_c_
concentration		CO2_m_	1	mM	c_CO2_m_
concentration		COA_c_	1	mM	c_COA_c_
concentration		COA_m_	1	mM	c_COA_m_
concentration		E4P_c_	1	mM	c_E4P_c_
concentration		GA3P_c_	1	mM	c_GA3P_c_
concentration		R5P_c_	1	mM	c_R5P_c_
concentration		RU5P_c_	1	mM	c_RU5P_c_
concentration		X5P_c_	1	mM	c_X5P_c_
concentration		ETH_c_	1	mM	c_ETH_c_
concentration		FUM_m_	1	mM	c_FUM_m_
concentration		GP_c_	1	mM	c_GP_c_
concentration		GLY_c_	1	mM	c_GLY_c_
concentration		DHAP_c_	1	mM	c_DHAP_c_
concentration		ICI_m_	1	mM	c_ICI_m_
concentration		NAD_c_	1	mM	c_NAD_c_
concentration		NAD_m_	1	mM	c_NAD_m_
concentration		NADH_c_	1	mM	c_NADH_c_
concentration		NADH_m_	1	mM	c_NADH_m_
concentration		NADP_c_	1	mM	c_NADP_c_
concentration		NADP_m_	1	mM	c_NADP_m_
concentration		NADPH_c_	1	mM	c_NADPH_c_
concentration		NADPH_m_	1	mM	c_NADPH_m_
concentration		O2_c_	1	mM	c_O2_c_
concentration		OAA_m_	1	mM	c_OAA_m_
concentration		PI_c_	1	mM	c_PI_c_
concentration		PEP_c_	1	mM	c_PEP_c_
concentration		PYR_c_	1	mM	c_PYR_c_
concentration		S7P_c_	1	mM	c_S7P_c_
concentration		SUC_m_	1	mM	c_SUC_m_
concentration		ubiquinone_6_m_	1	mM	c_ubiquinone_6_m_
concentration		ubiquinol_6_m_	1	mM	c_ubiquinol_6_m_
concentration		Ferricytochrome_c_m_	1	mM	c_Ferricytochrome_c_m_
concentration		Ferrocytochrome_c_m_	1	mM	c_Ferrocytochrome_c_m_
concentration		H_m_	1	mM	c_H_m_
concentration		H_i_	1	mM	c_H_i_
concentration		growthProteinAlt_c_	1	mM	c_growthProteinAlt_c_
concentration		growthProtein_c_	1	mM	c_growthProtein_c_
concentration		growthRNA_c_	1	mM	c_growthRNA_c_
concentration		growthDNA_c_	1	mM	c_growthDNA_c_
concentration		growthLipid_c_	1	mM	c_growthLipid_c_
concentration		growthGlycogen_c_	1	mM	c_growthGlycogen_c_
concentration		growthTrehalose_c_	1	mM	c_growthTrehalose_c_
concentration		growthMannan_c_	1	mM	c_growthMannan_c_
concentration		growthGlucan_c_	1	mM	c_growthGlucan_c_
concentration		growthMaintainance_c_	1	mM	c_growthMaintainance_c_
concentration		ATP_m_	1	mM	c_ATP_m_
concentration		ADP_m_	1	mM	c_ADP_m_
concentration		PI_m_	1	mM	c_PI_m_
concentration		PYR_m_	1	mM	c_PYR_m_
concentration		OAA_c_	1	mM	c_OAA_c_
concentration		GAL_c_	1	mM	c_GAL_c_
concentration		GALP_c_	1	mM	c_GALP_c_
concentration		GALUDP_c_	1	mM	c_GALUDP_c_
concentration		GLUUDP_c_	1	mM	c_GLUUDP_c_
concentration		G1P_c_	1	mM	c_G1P_c_
concentration		Glyoxylate_m_	1	mM	c_Glyoxylate_m_
concentration		Succinyl_CoA_m_	1	mM	c_Succinyl_CoA_m_
concentration		H2O_m_	1	mM	c_H2O_m_
concentration		H2O_c_	1	mM	c_H2O_c_
concentration		HCO3_c_	1	mM	c_HCO3_c_
concentration of enzyme	GAL1		1	mM	u_R1
concentration of enzyme	GAL10		1	mM	u_R2
concentration of enzyme	GAL7b		1	mM	u_R3
concentration of enzyme	PGM1_2		1	mM	u_R4
concentration of enzyme	HXK		1	mM	u_R5
concentration of enzyme	PGI		1	mM	u_R6
concentration of enzyme	PFK		1	mM	u_R7
concentration of enzyme	FBP		1	mM	u_R8
concentration of enzyme	FBA		1	mM	u_R9
concentration of enzyme	TPI		1	mM	u_R10
concentration of enzyme	GLD		1	mM	u_R11
concentration of enzyme	PGK		1	mM	u_R12
concentration of enzyme	GPM		1	mM	u_R13
concentration of enzyme	ENO		1	mM	u_R14
concentration of enzyme	CDC		1	mM	u_R15
concentration of enzyme	ZWF		1	mM	u_R16
concentration of enzyme	PGL		1	mM	u_R17
concentration of enzyme	GND		1	mM	u_R18
concentration of enzyme	RPI		1	mM	u_R19
concentration of enzyme	RPE		1	mM	u_R20
concentration of enzyme	TKLa		1	mM	u_R21
concentration of enzyme	TAL1		1	mM	u_R22
concentration of enzyme	TKLb		1	mM	u_R23
concentration of enzyme	DAR		1	mM	u_R24
concentration of enzyme	GPP		1	mM	u_R25
concentration of enzyme	PDC		1	mM	u_R26
concentration of enzyme	ADH1		1	mM	u_R27
concentration of enzyme	ALD6		1	mM	u_R28
concentration of enzyme	ALD2		1	mM	u_R29
concentration of enzyme	ICL1		1	mM	u_R30
concentration of enzyme	MLS1		1	mM	u_R31
concentration of enzyme	PDH		1	mM	u_R32
concentration of enzyme	ACS		1	mM	u_R33
concentration of enzyme	ADK1_1		1	mM	u_R34
concentration of enzyme	PCK		1	mM	u_R35
concentration of enzyme	PYC		1	mM	u_R36
concentration of enzyme	CIT		1	mM	u_R37
concentration of enzyme	ACO		1	mM	u_R38
concentration of enzyme	IDH		1	mM	u_R39
concentration of enzyme	IDPH		1	mM	u_R40
concentration of enzyme	KGD1		1	mM	u_R41
concentration of enzyme	LSC2		1	mM	u_R42
concentration of enzyme	FUM1		1	mM	u_R43
concentration of enzyme	MDH1		1	mM	u_R44
concentration of enzyme	SDH		1	mM	u_R45
concentration of enzyme	NDI1		1	mM	u_R46
concentration of enzyme	NDE2		1	mM	u_R47
concentration of enzyme	RIP1		1	mM	u_R48
concentration of enzyme	COX1		1	mM	u_R49
concentration of enzyme	ATP1		1	mM	u_R50
