!!SBtab TableName='Reaction' TableType='Reaction' Document='reducedYeast_ECM' Date='2018-11-23' SBtabVersion='1.0'								
!ID	!ReactionFormula	!Name	!NameForPlots	!Identifiers:kegg.reaction	!IsReversible	!Gene	!KineticLaw:Name	!KineticLaw:Formula
GAL1	ATP_c_ + GAL_c_ <=> ADP_c_ + GALP_c_	GAL1	GAL1	R01092	True	YGR192C	Common saturable (CM)	u_R1 * ( kC_R1 * sqrt( kEQ_R1  * kM_R1_ATP_c_ * kM_R1_GAL_c_ / kM_R1_ADP_c_ / kM_R1_GALP_c_ ) * ( ATP_c_ / kM_R1_ATP_c_ ) * ( GAL_c_ / kM_R1_GAL_c_ ) - kC_R1 / sqrt( kEQ_R1  * kM_R1_ATP_c_ * kM_R1_GAL_c_ / kM_R1_ADP_c_ / kM_R1_GALP_c_ ) * ( ADP_c_ / kM_R1_ADP_c_ ) * ( GALP_c_ / kM_R1_GALP_c_ ) ) / ( ( 1 + ATP_c_ / kM_R1_ATP_c_ ) * ( 1 + GAL_c_ / kM_R1_GAL_c_ ) + ( 1 + ADP_c_ / kM_R1_ADP_c_ ) * ( 1 + GALP_c_ / kM_R1_GALP_c_ ) - 1 )
GAL10	GALUDP_c_ <=> GLUUDP_c_	GAL10	GAL10		True	YGR240C	Common saturable (CM)	u_R2 * ( kC_R2 * sqrt( kEQ_R2  * kM_R2_GALUDP_c_ / kM_R2_GLUUDP_c_ ) * ( GALUDP_c_ / kM_R2_GALUDP_c_ ) - kC_R2 / sqrt( kEQ_R2  * kM_R2_GALUDP_c_ / kM_R2_GLUUDP_c_ ) * ( GLUUDP_c_ / kM_R2_GLUUDP_c_ ) ) / ( ( 1 + GALUDP_c_ / kM_R2_GALUDP_c_ ) + ( 1 + GLUUDP_c_ / kM_R2_GLUUDP_c_ ) - 1 )
GAL7b	GALP_c_ + GLUUDP_c_ <=> GALUDP_c_ + G1P_c_	GAL7b	GAL7b	R00502	True	YGR248W	Common saturable (CM)	u_R3 * ( kC_R3 * sqrt( kEQ_R3  * kM_R3_GALP_c_ * kM_R3_GLUUDP_c_ / kM_R3_GALUDP_c_ / kM_R3_G1P_c_ ) * ( GALP_c_ / kM_R3_GALP_c_ ) * ( GLUUDP_c_ / kM_R3_GLUUDP_c_ ) - kC_R3 / sqrt( kEQ_R3  * kM_R3_GALP_c_ * kM_R3_GLUUDP_c_ / kM_R3_GALUDP_c_ / kM_R3_G1P_c_ ) * ( GALUDP_c_ / kM_R3_GALUDP_c_ ) * ( G1P_c_ / kM_R3_G1P_c_ ) ) / ( ( 1 + GALP_c_ / kM_R3_GALP_c_ ) * ( 1 + GLUUDP_c_ / kM_R3_GLUUDP_c_ ) + ( 1 + GALUDP_c_ / kM_R3_GALUDP_c_ ) * ( 1 + G1P_c_ / kM_R3_G1P_c_ ) - 1 )
PGM1_2	G1P_c_ <=> G6P_c_	PGM1_2	PGM1_2	R08639	True	YGR254W	Common saturable (CM)	u_R4 * ( kC_R4 * sqrt( kEQ_R4  * kM_R4_G1P_c_ / kM_R4_G6P_c_ ) * ( G1P_c_ / kM_R4_G1P_c_ ) - kC_R4 / sqrt( kEQ_R4  * kM_R4_G1P_c_ / kM_R4_G6P_c_ ) * ( G6P_c_ / kM_R4_G6P_c_ ) ) / ( ( 1 + G1P_c_ / kM_R4_G1P_c_ ) + ( 1 + G6P_c_ / kM_R4_G6P_c_ ) - 1 )
HXK	GLC_c_ + ATP_c_ <=> ADP_c_ + G6P_c_	HXK	HXK	R00299	True	YGR256W	Common saturable (CM)	u_R5 * ( kC_R5 * sqrt( kEQ_R5  * kM_R5_GLC_c_ * kM_R5_ATP_c_ / kM_R5_ADP_c_ / kM_R5_G6P_c_ ) * ( GLC_c_ / kM_R5_GLC_c_ ) * ( ATP_c_ / kM_R5_ATP_c_ ) - kC_R5 / sqrt( kEQ_R5  * kM_R5_GLC_c_ * kM_R5_ATP_c_ / kM_R5_ADP_c_ / kM_R5_G6P_c_ ) * ( ADP_c_ / kM_R5_ADP_c_ ) * ( G6P_c_ / kM_R5_G6P_c_ ) ) / ( ( 1 + GLC_c_ / kM_R5_GLC_c_ ) * ( 1 + ATP_c_ / kM_R5_ATP_c_ ) + ( 1 + ADP_c_ / kM_R5_ADP_c_ ) * ( 1 + G6P_c_ / kM_R5_G6P_c_ ) - 1 )
PGI	G6P_c_ <=> F6P_c_	PGI	PGI	R00771	True	YHR163W	Common saturable (CM)	u_R6 * ( kC_R6 * sqrt( kEQ_R6  * kM_R6_G6P_c_ / kM_R6_F6P_c_ ) * ( G6P_c_ / kM_R6_G6P_c_ ) - kC_R6 / sqrt( kEQ_R6  * kM_R6_G6P_c_ / kM_R6_F6P_c_ ) * ( F6P_c_ / kM_R6_F6P_c_ ) ) / ( ( 1 + G6P_c_ / kM_R6_G6P_c_ ) + ( 1 + F6P_c_ / kM_R6_F6P_c_ ) - 1 )
PFK	ATP_c_ + F6P_c_ <=> ADP_c_ + F16P_c_	PFK	PFK	R00756	True	YHR174W	Common saturable (CM)	u_R7 * ( kC_R7 * sqrt( kEQ_R7  * kM_R7_ATP_c_ * kM_R7_F6P_c_ / kM_R7_ADP_c_ / kM_R7_F16P_c_ ) * ( ATP_c_ / kM_R7_ATP_c_ ) * ( F6P_c_ / kM_R7_F6P_c_ ) - kC_R7 / sqrt( kEQ_R7  * kM_R7_ATP_c_ * kM_R7_F6P_c_ / kM_R7_ADP_c_ / kM_R7_F16P_c_ ) * ( ADP_c_ / kM_R7_ADP_c_ ) * ( F16P_c_ / kM_R7_F16P_c_ ) ) / ( ( 1 + ATP_c_ / kM_R7_ATP_c_ ) * ( 1 + F6P_c_ / kM_R7_F6P_c_ ) + ( 1 + ADP_c_ / kM_R7_ADP_c_ ) * ( 1 + F16P_c_ / kM_R7_F16P_c_ ) - 1 )
FBP	F16P_c_ + H2O_c_ <=> F6P_c_ + PI_c_	FBP	FBP	R00762	True	YHR183W	Common saturable (CM)	u_R8 * ( kC_R8 * sqrt( kEQ_R8  * kM_R8_F16P_c_ * kM_R8_H2O_c_ / kM_R8_F6P_c_ / kM_R8_PI_c_ ) * ( F16P_c_ / kM_R8_F16P_c_ ) * ( H2O_c_ / kM_R8_H2O_c_ ) - kC_R8 / sqrt( kEQ_R8  * kM_R8_F16P_c_ * kM_R8_H2O_c_ / kM_R8_F6P_c_ / kM_R8_PI_c_ ) * ( F6P_c_ / kM_R8_F6P_c_ ) * ( PI_c_ / kM_R8_PI_c_ ) ) / ( ( 1 + F16P_c_ / kM_R8_F16P_c_ ) * ( 1 + H2O_c_ / kM_R8_H2O_c_ ) + ( 1 + F6P_c_ / kM_R8_F6P_c_ ) * ( 1 + PI_c_ / kM_R8_PI_c_ ) - 1 )
FBA	F16P_c_ <=> GA3P_c_ + DHAP_c_	FBA	FBA		True	YIL053W	Common saturable (CM)	u_R9 * ( kC_R9 * sqrt( kEQ_R9  * kM_R9_F16P_c_ / kM_R9_GA3P_c_ / kM_R9_DHAP_c_ ) * ( F16P_c_ / kM_R9_F16P_c_ ) - kC_R9 / sqrt( kEQ_R9  * kM_R9_F16P_c_ / kM_R9_GA3P_c_ / kM_R9_DHAP_c_ ) * ( GA3P_c_ / kM_R9_GA3P_c_ ) * ( DHAP_c_ / kM_R9_DHAP_c_ ) ) / ( ( 1 + F16P_c_ / kM_R9_F16P_c_ ) + ( 1 + GA3P_c_ / kM_R9_GA3P_c_ ) * ( 1 + DHAP_c_ / kM_R9_DHAP_c_ ) - 1 )
TPI	DHAP_c_ <=> GA3P_c_	TPI	TPI		True	YIL125W	Common saturable (CM)	u_R10 * ( kC_R10 * sqrt( kEQ_R10  * kM_R10_DHAP_c_ / kM_R10_GA3P_c_ ) * ( DHAP_c_ / kM_R10_DHAP_c_ ) - kC_R10 / sqrt( kEQ_R10  * kM_R10_DHAP_c_ / kM_R10_GA3P_c_ ) * ( GA3P_c_ / kM_R10_GA3P_c_ ) ) / ( ( 1 + DHAP_c_ / kM_R10_DHAP_c_ ) + ( 1 + GA3P_c_ / kM_R10_GA3P_c_ ) - 1 )
GLD	GA3P_c_ + NAD_c_ + PI_c_ <=> P13G_c_ + NADH_c_	GLD	GLD		True	YJL052W	Common saturable (CM)	u_R11 * ( kC_R11 * sqrt( kEQ_R11  * kM_R11_GA3P_c_ * kM_R11_NAD_c_ * kM_R11_PI_c_ / kM_R11_P13G_c_ / kM_R11_NADH_c_ ) * ( GA3P_c_ / kM_R11_GA3P_c_ ) * ( NAD_c_ / kM_R11_NAD_c_ ) * ( PI_c_ / kM_R11_PI_c_ ) - kC_R11 / sqrt( kEQ_R11  * kM_R11_GA3P_c_ * kM_R11_NAD_c_ * kM_R11_PI_c_ / kM_R11_P13G_c_ / kM_R11_NADH_c_ ) * ( P13G_c_ / kM_R11_P13G_c_ ) * ( NADH_c_ / kM_R11_NADH_c_ ) ) / ( ( 1 + GA3P_c_ / kM_R11_GA3P_c_ ) * ( 1 + NAD_c_ / kM_R11_NAD_c_ ) * ( 1 + PI_c_ / kM_R11_PI_c_ ) + ( 1 + P13G_c_ / kM_R11_P13G_c_ ) * ( 1 + NADH_c_ / kM_R11_NADH_c_ ) - 1 )
PGK	P13G_c_ + ADP_c_ <=> P3G_c_ + ATP_c_	PGK	PGK	R01512	True	YJL121C	Common saturable (CM)	u_R12 * ( kC_R12 * sqrt( kEQ_R12  * kM_R12_P13G_c_ * kM_R12_ADP_c_ / kM_R12_P3G_c_ / kM_R12_ATP_c_ ) * ( P13G_c_ / kM_R12_P13G_c_ ) * ( ADP_c_ / kM_R12_ADP_c_ ) - kC_R12 / sqrt( kEQ_R12  * kM_R12_P13G_c_ * kM_R12_ADP_c_ / kM_R12_P3G_c_ / kM_R12_ATP_c_ ) * ( P3G_c_ / kM_R12_P3G_c_ ) * ( ATP_c_ / kM_R12_ATP_c_ ) ) / ( ( 1 + P13G_c_ / kM_R12_P13G_c_ ) * ( 1 + ADP_c_ / kM_R12_ADP_c_ ) + ( 1 + P3G_c_ / kM_R12_P3G_c_ ) * ( 1 + ATP_c_ / kM_R12_ATP_c_ ) - 1 )
GPM	P3G_c_ <=> P2G_c_	GPM	GPM	R01518	True	YJR009C	Common saturable (CM)	u_R13 * ( kC_R13 * sqrt( kEQ_R13  * kM_R13_P3G_c_ / kM_R13_P2G_c_ ) * ( P3G_c_ / kM_R13_P3G_c_ ) - kC_R13 / sqrt( kEQ_R13  * kM_R13_P3G_c_ / kM_R13_P2G_c_ ) * ( P2G_c_ / kM_R13_P2G_c_ ) ) / ( ( 1 + P3G_c_ / kM_R13_P3G_c_ ) + ( 1 + P2G_c_ / kM_R13_P2G_c_ ) - 1 )
ENO	P2G_c_ <=> PEP_c_ + H2O_c_	ENO	ENO	R00658	True	YKL060C	Common saturable (CM)	u_R14 * ( kC_R14 * sqrt( kEQ_R14  * kM_R14_P2G_c_ / kM_R14_PEP_c_ / kM_R14_H2O_c_ ) * ( P2G_c_ / kM_R14_P2G_c_ ) - kC_R14 / sqrt( kEQ_R14  * kM_R14_P2G_c_ / kM_R14_PEP_c_ / kM_R14_H2O_c_ ) * ( PEP_c_ / kM_R14_PEP_c_ ) * ( H2O_c_ / kM_R14_H2O_c_ ) ) / ( ( 1 + P2G_c_ / kM_R14_P2G_c_ ) + ( 1 + PEP_c_ / kM_R14_PEP_c_ ) * ( 1 + H2O_c_ / kM_R14_H2O_c_ ) - 1 )
CDC	ADP_c_ + PEP_c_ <=> ATP_c_ + PYR_c_	CDC	CDC	R00200	True	YKL085W	Common saturable (CM)	u_R15 * ( kC_R15 * sqrt( kEQ_R15  * kM_R15_ADP_c_ * kM_R15_PEP_c_ / kM_R15_ATP_c_ / kM_R15_PYR_c_ ) * ( ADP_c_ / kM_R15_ADP_c_ ) * ( PEP_c_ / kM_R15_PEP_c_ ) - kC_R15 / sqrt( kEQ_R15  * kM_R15_ADP_c_ * kM_R15_PEP_c_ / kM_R15_ATP_c_ / kM_R15_PYR_c_ ) * ( ATP_c_ / kM_R15_ATP_c_ ) * ( PYR_c_ / kM_R15_PYR_c_ ) ) / ( ( 1 + ADP_c_ / kM_R15_ADP_c_ ) * ( 1 + PEP_c_ / kM_R15_PEP_c_ ) + ( 1 + ATP_c_ / kM_R15_ATP_c_ ) * ( 1 + PYR_c_ / kM_R15_PYR_c_ ) - 1 )
ZWF	G6P_c_ + NADP_c_ <=> G15L_c_ + NADPH_c_	ZWF	ZWF	R00835	True	YKL141W	Common saturable (CM)	u_R16 * ( kC_R16 * sqrt( kEQ_R16  * kM_R16_G6P_c_ * kM_R16_NADP_c_ / kM_R16_G15L_c_ / kM_R16_NADPH_c_ ) * ( G6P_c_ / kM_R16_G6P_c_ ) * ( NADP_c_ / kM_R16_NADP_c_ ) - kC_R16 / sqrt( kEQ_R16  * kM_R16_G6P_c_ * kM_R16_NADP_c_ / kM_R16_G15L_c_ / kM_R16_NADPH_c_ ) * ( G15L_c_ / kM_R16_G15L_c_ ) * ( NADPH_c_ / kM_R16_NADPH_c_ ) ) / ( ( 1 + G6P_c_ / kM_R16_G6P_c_ ) * ( 1 + NADP_c_ / kM_R16_NADP_c_ ) + ( 1 + G15L_c_ / kM_R16_G15L_c_ ) * ( 1 + NADPH_c_ / kM_R16_NADPH_c_ ) - 1 )
PGL	G15L_c_ + H2O_c_ <=> P6G_c_	PGL	PGL	R02035	True	YKL152C	Common saturable (CM)	u_R17 * ( kC_R17 * sqrt( kEQ_R17  * kM_R17_G15L_c_ * kM_R17_H2O_c_ / kM_R17_P6G_c_ ) * ( G15L_c_ / kM_R17_G15L_c_ ) * ( H2O_c_ / kM_R17_H2O_c_ ) - kC_R17 / sqrt( kEQ_R17  * kM_R17_G15L_c_ * kM_R17_H2O_c_ / kM_R17_P6G_c_ ) * ( P6G_c_ / kM_R17_P6G_c_ ) ) / ( ( 1 + G15L_c_ / kM_R17_G15L_c_ ) * ( 1 + H2O_c_ / kM_R17_H2O_c_ ) + ( 1 + P6G_c_ / kM_R17_P6G_c_ ) - 1 )
GND	P6G_c_ + NADP_c_ <=> CO2_c_ + RU5P_c_ + NADPH_c_	GND	GND	R01528	True	YKR097W	Common saturable (CM)	u_R18 * ( kC_R18 * sqrt( kEQ_R18  * kM_R18_P6G_c_ * kM_R18_NADP_c_ / kM_R18_CO2_c_ / kM_R18_RU5P_c_ / kM_R18_NADPH_c_ ) * ( P6G_c_ / kM_R18_P6G_c_ ) * ( NADP_c_ / kM_R18_NADP_c_ ) - kC_R18 / sqrt( kEQ_R18  * kM_R18_P6G_c_ * kM_R18_NADP_c_ / kM_R18_CO2_c_ / kM_R18_RU5P_c_ / kM_R18_NADPH_c_ ) * ( CO2_c_ / kM_R18_CO2_c_ ) * ( RU5P_c_ / kM_R18_RU5P_c_ ) * ( NADPH_c_ / kM_R18_NADPH_c_ ) ) / ( ( 1 + P6G_c_ / kM_R18_P6G_c_ ) * ( 1 + NADP_c_ / kM_R18_NADP_c_ ) + ( 1 + CO2_c_ / kM_R18_CO2_c_ ) * ( 1 + RU5P_c_ / kM_R18_RU5P_c_ ) * ( 1 + NADPH_c_ / kM_R18_NADPH_c_ ) - 1 )
RPI	RU5P_c_ <=> R5P_c_	RPI	RPI		True	YLR044C	Common saturable (CM)	u_R19 * ( kC_R19 * sqrt( kEQ_R19  * kM_R19_RU5P_c_ / kM_R19_R5P_c_ ) * ( RU5P_c_ / kM_R19_RU5P_c_ ) - kC_R19 / sqrt( kEQ_R19  * kM_R19_RU5P_c_ / kM_R19_R5P_c_ ) * ( R5P_c_ / kM_R19_R5P_c_ ) ) / ( ( 1 + RU5P_c_ / kM_R19_RU5P_c_ ) + ( 1 + R5P_c_ / kM_R19_R5P_c_ ) - 1 )
RPE	RU5P_c_ <=> X5P_c_	RPE	RPE	R01529	True	YLR134W	Common saturable (CM)	u_R20 * ( kC_R20 * sqrt( kEQ_R20  * kM_R20_RU5P_c_ / kM_R20_X5P_c_ ) * ( RU5P_c_ / kM_R20_RU5P_c_ ) - kC_R20 / sqrt( kEQ_R20  * kM_R20_RU5P_c_ / kM_R20_X5P_c_ ) * ( X5P_c_ / kM_R20_X5P_c_ ) ) / ( ( 1 + RU5P_c_ / kM_R20_RU5P_c_ ) + ( 1 + X5P_c_ / kM_R20_X5P_c_ ) - 1 )
TKLa	R5P_c_ + X5P_c_ <=> GA3P_c_ + S7P_c_	TKLa	TKLa		True	YLR153C	Common saturable (CM)	u_R21 * ( kC_R21 * sqrt( kEQ_R21  * kM_R21_R5P_c_ * kM_R21_X5P_c_ / kM_R21_GA3P_c_ / kM_R21_S7P_c_ ) * ( R5P_c_ / kM_R21_R5P_c_ ) * ( X5P_c_ / kM_R21_X5P_c_ ) - kC_R21 / sqrt( kEQ_R21  * kM_R21_R5P_c_ * kM_R21_X5P_c_ / kM_R21_GA3P_c_ / kM_R21_S7P_c_ ) * ( GA3P_c_ / kM_R21_GA3P_c_ ) * ( S7P_c_ / kM_R21_S7P_c_ ) ) / ( ( 1 + R5P_c_ / kM_R21_R5P_c_ ) * ( 1 + X5P_c_ / kM_R21_X5P_c_ ) + ( 1 + GA3P_c_ / kM_R21_GA3P_c_ ) * ( 1 + S7P_c_ / kM_R21_S7P_c_ ) - 1 )
TAL1	GA3P_c_ + S7P_c_ <=> F6P_c_ + E4P_c_	TAL1	TAL1		True	YLR304C	Common saturable (CM)	u_R22 * ( kC_R22 * sqrt( kEQ_R22  * kM_R22_GA3P_c_ * kM_R22_S7P_c_ / kM_R22_F6P_c_ / kM_R22_E4P_c_ ) * ( GA3P_c_ / kM_R22_GA3P_c_ ) * ( S7P_c_ / kM_R22_S7P_c_ ) - kC_R22 / sqrt( kEQ_R22  * kM_R22_GA3P_c_ * kM_R22_S7P_c_ / kM_R22_F6P_c_ / kM_R22_E4P_c_ ) * ( F6P_c_ / kM_R22_F6P_c_ ) * ( E4P_c_ / kM_R22_E4P_c_ ) ) / ( ( 1 + GA3P_c_ / kM_R22_GA3P_c_ ) * ( 1 + S7P_c_ / kM_R22_S7P_c_ ) + ( 1 + F6P_c_ / kM_R22_F6P_c_ ) * ( 1 + E4P_c_ / kM_R22_E4P_c_ ) - 1 )
TKLb	E4P_c_ + X5P_c_ <=> F6P_c_ + GA3P_c_	TKLb	TKLb		True	YLR354C	Common saturable (CM)	u_R23 * ( kC_R23 * sqrt( kEQ_R23  * kM_R23_E4P_c_ * kM_R23_X5P_c_ / kM_R23_F6P_c_ / kM_R23_GA3P_c_ ) * ( E4P_c_ / kM_R23_E4P_c_ ) * ( X5P_c_ / kM_R23_X5P_c_ ) - kC_R23 / sqrt( kEQ_R23  * kM_R23_E4P_c_ * kM_R23_X5P_c_ / kM_R23_F6P_c_ / kM_R23_GA3P_c_ ) * ( F6P_c_ / kM_R23_F6P_c_ ) * ( GA3P_c_ / kM_R23_GA3P_c_ ) ) / ( ( 1 + E4P_c_ / kM_R23_E4P_c_ ) * ( 1 + X5P_c_ / kM_R23_X5P_c_ ) + ( 1 + F6P_c_ / kM_R23_F6P_c_ ) * ( 1 + GA3P_c_ / kM_R23_GA3P_c_ ) - 1 )
DAR	DHAP_c_ + NADH_c_ <=> GP_c_ + NAD_c_	DAR	DAR	R00842	True	YLR377C	Common saturable (CM)	u_R24 * ( kC_R24 * sqrt( kEQ_R24  * kM_R24_DHAP_c_ * kM_R24_NADH_c_ / kM_R24_GP_c_ / kM_R24_NAD_c_ ) * ( DHAP_c_ / kM_R24_DHAP_c_ ) * ( NADH_c_ / kM_R24_NADH_c_ ) - kC_R24 / sqrt( kEQ_R24  * kM_R24_DHAP_c_ * kM_R24_NADH_c_ / kM_R24_GP_c_ / kM_R24_NAD_c_ ) * ( GP_c_ / kM_R24_GP_c_ ) * ( NAD_c_ / kM_R24_NAD_c_ ) ) / ( ( 1 + DHAP_c_ / kM_R24_DHAP_c_ ) * ( 1 + NADH_c_ / kM_R24_NADH_c_ ) + ( 1 + GP_c_ / kM_R24_GP_c_ ) * ( 1 + NAD_c_ / kM_R24_NAD_c_ ) - 1 )
GPP	GP_c_ + H2O_c_ <=> GLY_c_ + PI_c_	GPP	GPP	R00841	True	YMR205C	Common saturable (CM)	u_R25 * ( kC_R25 * sqrt( kEQ_R25  * kM_R25_GP_c_ * kM_R25_H2O_c_ / kM_R25_GLY_c_ / kM_R25_PI_c_ ) * ( GP_c_ / kM_R25_GP_c_ ) * ( H2O_c_ / kM_R25_H2O_c_ ) - kC_R25 / sqrt( kEQ_R25  * kM_R25_GP_c_ * kM_R25_H2O_c_ / kM_R25_GLY_c_ / kM_R25_PI_c_ ) * ( GLY_c_ / kM_R25_GLY_c_ ) * ( PI_c_ / kM_R25_PI_c_ ) ) / ( ( 1 + GP_c_ / kM_R25_GP_c_ ) * ( 1 + H2O_c_ / kM_R25_H2O_c_ ) + ( 1 + GLY_c_ / kM_R25_GLY_c_ ) * ( 1 + PI_c_ / kM_R25_PI_c_ ) - 1 )
PDC	PYR_c_ <=> ACA_c_ + CO2_c_	PDC	PDC	R00224	True	YNL241C	Common saturable (CM)	u_R26 * ( kC_R26 * sqrt( kEQ_R26  * kM_R26_PYR_c_ / kM_R26_ACA_c_ / kM_R26_CO2_c_ ) * ( PYR_c_ / kM_R26_PYR_c_ ) - kC_R26 / sqrt( kEQ_R26  * kM_R26_PYR_c_ / kM_R26_ACA_c_ / kM_R26_CO2_c_ ) * ( ACA_c_ / kM_R26_ACA_c_ ) * ( CO2_c_ / kM_R26_CO2_c_ ) ) / ( ( 1 + PYR_c_ / kM_R26_PYR_c_ ) + ( 1 + ACA_c_ / kM_R26_ACA_c_ ) * ( 1 + CO2_c_ / kM_R26_CO2_c_ ) - 1 )
ADH1	ACA_c_ + NADH_c_ <=> ETH_c_ + NAD_c_	ADH1	ADH1	R00754	True	YNR001C	Common saturable (CM)	u_R27 * ( kC_R27 * sqrt( kEQ_R27  * kM_R27_ACA_c_ * kM_R27_NADH_c_ / kM_R27_ETH_c_ / kM_R27_NAD_c_ ) * ( ACA_c_ / kM_R27_ACA_c_ ) * ( NADH_c_ / kM_R27_NADH_c_ ) - kC_R27 / sqrt( kEQ_R27  * kM_R27_ACA_c_ * kM_R27_NADH_c_ / kM_R27_ETH_c_ / kM_R27_NAD_c_ ) * ( ETH_c_ / kM_R27_ETH_c_ ) * ( NAD_c_ / kM_R27_NAD_c_ ) ) / ( ( 1 + ACA_c_ / kM_R27_ACA_c_ ) * ( 1 + NADH_c_ / kM_R27_NADH_c_ ) + ( 1 + ETH_c_ / kM_R27_ETH_c_ ) * ( 1 + NAD_c_ / kM_R27_NAD_c_ ) - 1 )
ALD6	ACA_c_ + NADP_c_ + H2O_c_ <=> AC_c_ + NADPH_c_	ALD6	ALD6	R00711	True	YOL059W	Common saturable (CM)	u_R28 * ( kC_R28 * sqrt( kEQ_R28  * kM_R28_ACA_c_ * kM_R28_NADP_c_ * kM_R28_H2O_c_ / kM_R28_AC_c_ / kM_R28_NADPH_c_ ) * ( ACA_c_ / kM_R28_ACA_c_ ) * ( NADP_c_ / kM_R28_NADP_c_ ) * ( H2O_c_ / kM_R28_H2O_c_ ) - kC_R28 / sqrt( kEQ_R28  * kM_R28_ACA_c_ * kM_R28_NADP_c_ * kM_R28_H2O_c_ / kM_R28_AC_c_ / kM_R28_NADPH_c_ ) * ( AC_c_ / kM_R28_AC_c_ ) * ( NADPH_c_ / kM_R28_NADPH_c_ ) ) / ( ( 1 + ACA_c_ / kM_R28_ACA_c_ ) * ( 1 + NADP_c_ / kM_R28_NADP_c_ ) * ( 1 + H2O_c_ / kM_R28_H2O_c_ ) + ( 1 + AC_c_ / kM_R28_AC_c_ ) * ( 1 + NADPH_c_ / kM_R28_NADPH_c_ ) - 1 )
ALD2	ACA_c_ + NAD_c_ + H2O_c_ <=> AC_c_ + NADH_c_	ALD2	ALD2	R00711	True	YOL086C	Common saturable (CM)	u_R29 * ( kC_R29 * sqrt( kEQ_R29  * kM_R29_ACA_c_ * kM_R29_NAD_c_ * kM_R29_H2O_c_ / kM_R29_AC_c_ / kM_R29_NADH_c_ ) * ( ACA_c_ / kM_R29_ACA_c_ ) * ( NAD_c_ / kM_R29_NAD_c_ ) * ( H2O_c_ / kM_R29_H2O_c_ ) - kC_R29 / sqrt( kEQ_R29  * kM_R29_ACA_c_ * kM_R29_NAD_c_ * kM_R29_H2O_c_ / kM_R29_AC_c_ / kM_R29_NADH_c_ ) * ( AC_c_ / kM_R29_AC_c_ ) * ( NADH_c_ / kM_R29_NADH_c_ ) ) / ( ( 1 + ACA_c_ / kM_R29_ACA_c_ ) * ( 1 + NAD_c_ / kM_R29_NAD_c_ ) * ( 1 + H2O_c_ / kM_R29_H2O_c_ ) + ( 1 + AC_c_ / kM_R29_AC_c_ ) * ( 1 + NADH_c_ / kM_R29_NADH_c_ ) - 1 )
ICL1	ICI_m_ <=> SUC_m_ + Glyoxylate_m_	ICL1	ICL1	R00479	True	YOR095C	Common saturable (CM)	u_R30 * ( kC_R30 * sqrt( kEQ_R30  * kM_R30_ICI_m_ / kM_R30_SUC_m_ / kM_R30_Glyoxylate_m_ ) * ( ICI_m_ / kM_R30_ICI_m_ ) - kC_R30 / sqrt( kEQ_R30  * kM_R30_ICI_m_ / kM_R30_SUC_m_ / kM_R30_Glyoxylate_m_ ) * ( SUC_m_ / kM_R30_SUC_m_ ) * ( Glyoxylate_m_ / kM_R30_Glyoxylate_m_ ) ) / ( ( 1 + ICI_m_ / kM_R30_ICI_m_ ) + ( 1 + SUC_m_ / kM_R30_SUC_m_ ) * ( 1 + Glyoxylate_m_ / kM_R30_Glyoxylate_m_ ) - 1 )
MLS1	ACCOA_m_ + Glyoxylate_m_ + H2O_m_ <=> MAL_m_ + COA_m_	MLS1	MLS1	R00472	True	YOR347C	Common saturable (CM)	u_R31 * ( kC_R31 * sqrt( kEQ_R31  * kM_R31_ACCOA_m_ * kM_R31_Glyoxylate_m_ * kM_R31_H2O_m_ / kM_R31_MAL_m_ / kM_R31_COA_m_ ) * ( ACCOA_m_ / kM_R31_ACCOA_m_ ) * ( Glyoxylate_m_ / kM_R31_Glyoxylate_m_ ) * ( H2O_m_ / kM_R31_H2O_m_ ) - kC_R31 / sqrt( kEQ_R31  * kM_R31_ACCOA_m_ * kM_R31_Glyoxylate_m_ * kM_R31_H2O_m_ / kM_R31_MAL_m_ / kM_R31_COA_m_ ) * ( MAL_m_ / kM_R31_MAL_m_ ) * ( COA_m_ / kM_R31_COA_m_ ) ) / ( ( 1 + ACCOA_m_ / kM_R31_ACCOA_m_ ) * ( 1 + Glyoxylate_m_ / kM_R31_Glyoxylate_m_ ) * ( 1 + H2O_m_ / kM_R31_H2O_m_ ) + ( 1 + MAL_m_ / kM_R31_MAL_m_ ) * ( 1 + COA_m_ / kM_R31_COA_m_ ) - 1 )
PDH	COA_m_ + NAD_m_ + PYR_m_ <=> ACCOA_m_ + CO2_m_ + NADH_m_	PDH	PDH	R00209	True	YPL262W	Common saturable (CM)	u_R32 * ( kC_R32 * sqrt( kEQ_R32  * kM_R32_COA_m_ * kM_R32_NAD_m_ * kM_R32_PYR_m_ / kM_R32_ACCOA_m_ / kM_R32_CO2_m_ / kM_R32_NADH_m_ ) * ( COA_m_ / kM_R32_COA_m_ ) * ( NAD_m_ / kM_R32_NAD_m_ ) * ( PYR_m_ / kM_R32_PYR_m_ ) - kC_R32 / sqrt( kEQ_R32  * kM_R32_COA_m_ * kM_R32_NAD_m_ * kM_R32_PYR_m_ / kM_R32_ACCOA_m_ / kM_R32_CO2_m_ / kM_R32_NADH_m_ ) * ( ACCOA_m_ / kM_R32_ACCOA_m_ ) * ( CO2_m_ / kM_R32_CO2_m_ ) * ( NADH_m_ / kM_R32_NADH_m_ ) ) / ( ( 1 + COA_m_ / kM_R32_COA_m_ ) * ( 1 + NAD_m_ / kM_R32_NAD_m_ ) * ( 1 + PYR_m_ / kM_R32_PYR_m_ ) + ( 1 + ACCOA_m_ / kM_R32_ACCOA_m_ ) * ( 1 + CO2_m_ / kM_R32_CO2_m_ ) * ( 1 + NADH_m_ / kM_R32_NADH_m_ ) - 1 )
ACS	AC_c_ + ATP_c_ + COA_c_ + H2O_c_ <=> ACCOA_c_ + AMP_c_ + 2 PI_c_	ACS	ACS	R00235	True	YPR001W	Common saturable (CM)	u_R33 * ( kC_R33 * sqrt( kEQ_R33  * kM_R33_AC_c_ * kM_R33_ATP_c_ * kM_R33_COA_c_ * kM_R33_H2O_c_ / kM_R33_ACCOA_c_ / kM_R33_AMP_c_ / power( kM_R33_PI_c_ , 2 ) ) * ( AC_c_ / kM_R33_AC_c_ ) * ( ATP_c_ / kM_R33_ATP_c_ ) * ( COA_c_ / kM_R33_COA_c_ ) * ( H2O_c_ / kM_R33_H2O_c_ ) - kC_R33 / sqrt( kEQ_R33  * kM_R33_AC_c_ * kM_R33_ATP_c_ * kM_R33_COA_c_ * kM_R33_H2O_c_ / kM_R33_ACCOA_c_ / kM_R33_AMP_c_ / power( kM_R33_PI_c_ , 2 ) ) * ( ACCOA_c_ / kM_R33_ACCOA_c_ ) * ( AMP_c_ / kM_R33_AMP_c_ ) * power( PI_c_ / kM_R33_PI_c_ , 2 ) ) / ( ( 1 + AC_c_ / kM_R33_AC_c_ ) * ( 1 + ATP_c_ / kM_R33_ATP_c_ ) * ( 1 + COA_c_ / kM_R33_COA_c_ ) * ( 1 + H2O_c_ / kM_R33_H2O_c_ ) + ( 1 + ACCOA_c_ / kM_R33_ACCOA_c_ ) * ( 1 + AMP_c_ / kM_R33_AMP_c_ ) * power( 1 + PI_c_ / kM_R33_PI_c_ , 2 ) - 1 )
ADK1_1	ATP_c_ + AMP_c_ <=> 2 ADP_c_	ADK1_1	ADK1_1	R00127	True	YPR074C	Common saturable (CM)	u_R34 * ( kC_R34 * sqrt( kEQ_R34  * kM_R34_ATP_c_ * kM_R34_AMP_c_ / power( kM_R34_ADP_c_ , 2 ) ) * ( ATP_c_ / kM_R34_ATP_c_ ) * ( AMP_c_ / kM_R34_AMP_c_ ) - kC_R34 / sqrt( kEQ_R34  * kM_R34_ATP_c_ * kM_R34_AMP_c_ / power( kM_R34_ADP_c_ , 2 ) ) * power( ADP_c_ / kM_R34_ADP_c_ , 2 ) ) / ( ( 1 + ATP_c_ / kM_R34_ATP_c_ ) * ( 1 + AMP_c_ / kM_R34_AMP_c_ ) + power( 1 + ADP_c_ / kM_R34_ADP_c_ , 2 ) - 1 )
PCK	ATP_c_ + OAA_c_ <=> ADP_c_ + CO2_c_ + PEP_c_	PCK	PCK	R00341	True	YOR393W	Common saturable (CM)	u_R35 * ( kC_R35 * sqrt( kEQ_R35  * kM_R35_ATP_c_ * kM_R35_OAA_c_ / kM_R35_ADP_c_ / kM_R35_CO2_c_ / kM_R35_PEP_c_ ) * ( ATP_c_ / kM_R35_ATP_c_ ) * ( OAA_c_ / kM_R35_OAA_c_ ) - kC_R35 / sqrt( kEQ_R35  * kM_R35_ATP_c_ * kM_R35_OAA_c_ / kM_R35_ADP_c_ / kM_R35_CO2_c_ / kM_R35_PEP_c_ ) * ( ADP_c_ / kM_R35_ADP_c_ ) * ( CO2_c_ / kM_R35_CO2_c_ ) * ( PEP_c_ / kM_R35_PEP_c_ ) ) / ( ( 1 + ATP_c_ / kM_R35_ATP_c_ ) * ( 1 + OAA_c_ / kM_R35_OAA_c_ ) + ( 1 + ADP_c_ / kM_R35_ADP_c_ ) * ( 1 + CO2_c_ / kM_R35_CO2_c_ ) * ( 1 + PEP_c_ / kM_R35_PEP_c_ ) - 1 )
PYC	ATP_c_ + PYR_c_ + HCO3_c_ <=> ADP_c_ + PI_c_ + OAA_c_	PYC	PYC	R00344	True	YPL281C	Common saturable (CM)	u_R36 * ( kC_R36 * sqrt( kEQ_R36  * kM_R36_ATP_c_ * kM_R36_PYR_c_ * kM_R36_HCO3_c_ / kM_R36_ADP_c_ / kM_R36_PI_c_ / kM_R36_OAA_c_ ) * ( ATP_c_ / kM_R36_ATP_c_ ) * ( PYR_c_ / kM_R36_PYR_c_ ) * ( HCO3_c_ / kM_R36_HCO3_c_ ) - kC_R36 / sqrt( kEQ_R36  * kM_R36_ATP_c_ * kM_R36_PYR_c_ * kM_R36_HCO3_c_ / kM_R36_ADP_c_ / kM_R36_PI_c_ / kM_R36_OAA_c_ ) * ( ADP_c_ / kM_R36_ADP_c_ ) * ( PI_c_ / kM_R36_PI_c_ ) * ( OAA_c_ / kM_R36_OAA_c_ ) ) / ( ( 1 + ATP_c_ / kM_R36_ATP_c_ ) * ( 1 + PYR_c_ / kM_R36_PYR_c_ ) * ( 1 + HCO3_c_ / kM_R36_HCO3_c_ ) + ( 1 + ADP_c_ / kM_R36_ADP_c_ ) * ( 1 + PI_c_ / kM_R36_PI_c_ ) * ( 1 + OAA_c_ / kM_R36_OAA_c_ ) - 1 )
CIT	ACCOA_m_ + OAA_m_ + H2O_m_ <=> CI_m_ + COA_m_	CIT	CIT		True	YMR323W	Common saturable (CM)	u_R37 * ( kC_R37 * sqrt( kEQ_R37  * kM_R37_ACCOA_m_ * kM_R37_OAA_m_ * kM_R37_H2O_m_ / kM_R37_CI_m_ / kM_R37_COA_m_ ) * ( ACCOA_m_ / kM_R37_ACCOA_m_ ) * ( OAA_m_ / kM_R37_OAA_m_ ) * ( H2O_m_ / kM_R37_H2O_m_ ) - kC_R37 / sqrt( kEQ_R37  * kM_R37_ACCOA_m_ * kM_R37_OAA_m_ * kM_R37_H2O_m_ / kM_R37_CI_m_ / kM_R37_COA_m_ ) * ( CI_m_ / kM_R37_CI_m_ ) * ( COA_m_ / kM_R37_COA_m_ ) ) / ( ( 1 + ACCOA_m_ / kM_R37_ACCOA_m_ ) * ( 1 + OAA_m_ / kM_R37_OAA_m_ ) * ( 1 + H2O_m_ / kM_R37_H2O_m_ ) + ( 1 + CI_m_ / kM_R37_CI_m_ ) * ( 1 + COA_m_ / kM_R37_COA_m_ ) - 1 )
ACO	CI_m_ <=> ICI_m_	ACO	ACO		True	YAL038W	Common saturable (CM)	u_R38 * ( kC_R38 * sqrt( kEQ_R38  * kM_R38_CI_m_ / kM_R38_ICI_m_ ) * ( CI_m_ / kM_R38_CI_m_ ) - kC_R38 / sqrt( kEQ_R38  * kM_R38_CI_m_ / kM_R38_ICI_m_ ) * ( ICI_m_ / kM_R38_ICI_m_ ) ) / ( ( 1 + CI_m_ / kM_R38_CI_m_ ) + ( 1 + ICI_m_ / kM_R38_ICI_m_ ) - 1 )
IDH	ICI_m_ + NAD_m_ <=> AKG_m_ + CO2_m_ + NADH_m_	IDH	IDH	R00709	True	YMR170C	Common saturable (CM)	u_R39 * ( kC_R39 * sqrt( kEQ_R39  * kM_R39_ICI_m_ * kM_R39_NAD_m_ / kM_R39_AKG_m_ / kM_R39_CO2_m_ / kM_R39_NADH_m_ ) * ( ICI_m_ / kM_R39_ICI_m_ ) * ( NAD_m_ / kM_R39_NAD_m_ ) - kC_R39 / sqrt( kEQ_R39  * kM_R39_ICI_m_ * kM_R39_NAD_m_ / kM_R39_AKG_m_ / kM_R39_CO2_m_ / kM_R39_NADH_m_ ) * ( AKG_m_ / kM_R39_AKG_m_ ) * ( CO2_m_ / kM_R39_CO2_m_ ) * ( NADH_m_ / kM_R39_NADH_m_ ) ) / ( ( 1 + ICI_m_ / kM_R39_ICI_m_ ) * ( 1 + NAD_m_ / kM_R39_NAD_m_ ) + ( 1 + AKG_m_ / kM_R39_AKG_m_ ) * ( 1 + CO2_m_ / kM_R39_CO2_m_ ) * ( 1 + NADH_m_ / kM_R39_NADH_m_ ) - 1 )
IDPH	ICI_m_ + NADP_m_ <=> AKG_m_ + CO2_m_ + NADPH_m_	IDPH	IDPH		True	YOR374W	Common saturable (CM)	u_R40 * ( kC_R40 * sqrt( kEQ_R40  * kM_R40_ICI_m_ * kM_R40_NADP_m_ / kM_R40_AKG_m_ / kM_R40_CO2_m_ / kM_R40_NADPH_m_ ) * ( ICI_m_ / kM_R40_ICI_m_ ) * ( NADP_m_ / kM_R40_NADP_m_ ) - kC_R40 / sqrt( kEQ_R40  * kM_R40_ICI_m_ * kM_R40_NADP_m_ / kM_R40_AKG_m_ / kM_R40_CO2_m_ / kM_R40_NADPH_m_ ) * ( AKG_m_ / kM_R40_AKG_m_ ) * ( CO2_m_ / kM_R40_CO2_m_ ) * ( NADPH_m_ / kM_R40_NADPH_m_ ) ) / ( ( 1 + ICI_m_ / kM_R40_ICI_m_ ) * ( 1 + NADP_m_ / kM_R40_NADP_m_ ) + ( 1 + AKG_m_ / kM_R40_AKG_m_ ) * ( 1 + CO2_m_ / kM_R40_CO2_m_ ) * ( 1 + NADPH_m_ / kM_R40_NADPH_m_ ) - 1 )
KGD1	AKG_m_ + COA_m_ + NAD_m_ <=> CO2_m_ + NADH_m_ + Succinyl_CoA_m_	KGD1	KGD1		True	YER073W	Common saturable (CM)	u_R41 * ( kC_R41 * sqrt( kEQ_R41  * kM_R41_AKG_m_ * kM_R41_COA_m_ * kM_R41_NAD_m_ / kM_R41_CO2_m_ / kM_R41_NADH_m_ / kM_R41_Succinyl_CoA_m_ ) * ( AKG_m_ / kM_R41_AKG_m_ ) * ( COA_m_ / kM_R41_COA_m_ ) * ( NAD_m_ / kM_R41_NAD_m_ ) - kC_R41 / sqrt( kEQ_R41  * kM_R41_AKG_m_ * kM_R41_COA_m_ * kM_R41_NAD_m_ / kM_R41_CO2_m_ / kM_R41_NADH_m_ / kM_R41_Succinyl_CoA_m_ ) * ( CO2_m_ / kM_R41_CO2_m_ ) * ( NADH_m_ / kM_R41_NADH_m_ ) * ( Succinyl_CoA_m_ / kM_R41_Succinyl_CoA_m_ ) ) / ( ( 1 + AKG_m_ / kM_R41_AKG_m_ ) * ( 1 + COA_m_ / kM_R41_COA_m_ ) * ( 1 + NAD_m_ / kM_R41_NAD_m_ ) + ( 1 + CO2_m_ / kM_R41_CO2_m_ ) * ( 1 + NADH_m_ / kM_R41_NADH_m_ ) * ( 1 + Succinyl_CoA_m_ / kM_R41_Succinyl_CoA_m_ ) - 1 )
LSC2	ADP_m_ + PI_m_ + Succinyl_CoA_m_ <=> COA_m_ + SUC_m_ + ATP_m_	LSC2	LSC2	R00405	True	YER065C	Common saturable (CM)	u_R42 * ( kC_R42 * sqrt( kEQ_R42  * kM_R42_ADP_m_ * kM_R42_PI_m_ * kM_R42_Succinyl_CoA_m_ / kM_R42_COA_m_ / kM_R42_SUC_m_ / kM_R42_ATP_m_ ) * ( ADP_m_ / kM_R42_ADP_m_ ) * ( PI_m_ / kM_R42_PI_m_ ) * ( Succinyl_CoA_m_ / kM_R42_Succinyl_CoA_m_ ) - kC_R42 / sqrt( kEQ_R42  * kM_R42_ADP_m_ * kM_R42_PI_m_ * kM_R42_Succinyl_CoA_m_ / kM_R42_COA_m_ / kM_R42_SUC_m_ / kM_R42_ATP_m_ ) * ( COA_m_ / kM_R42_COA_m_ ) * ( SUC_m_ / kM_R42_SUC_m_ ) * ( ATP_m_ / kM_R42_ATP_m_ ) ) / ( ( 1 + ADP_m_ / kM_R42_ADP_m_ ) * ( 1 + PI_m_ / kM_R42_PI_m_ ) * ( 1 + Succinyl_CoA_m_ / kM_R42_Succinyl_CoA_m_ ) + ( 1 + COA_m_ / kM_R42_COA_m_ ) * ( 1 + SUC_m_ / kM_R42_SUC_m_ ) * ( 1 + ATP_m_ / kM_R42_ATP_m_ ) - 1 )
FUM1	FUM_m_ + H2O_m_ <=> MAL_m_	FUM1	FUM1	R01082	True	YIR031C	Common saturable (CM)	u_R43 * ( kC_R43 * sqrt( kEQ_R43  * kM_R43_FUM_m_ * kM_R43_H2O_m_ / kM_R43_MAL_m_ ) * ( FUM_m_ / kM_R43_FUM_m_ ) * ( H2O_m_ / kM_R43_H2O_m_ ) - kC_R43 / sqrt( kEQ_R43  * kM_R43_FUM_m_ * kM_R43_H2O_m_ / kM_R43_MAL_m_ ) * ( MAL_m_ / kM_R43_MAL_m_ ) ) / ( ( 1 + FUM_m_ / kM_R43_FUM_m_ ) * ( 1 + H2O_m_ / kM_R43_H2O_m_ ) + ( 1 + MAL_m_ / kM_R43_MAL_m_ ) - 1 )
MDH1	MAL_m_ + NAD_m_ <=> NADH_m_ + OAA_m_	MDH1	MDH1	R00342	True	YNL117W	Common saturable (CM)	u_R44 * ( kC_R44 * sqrt( kEQ_R44  * kM_R44_MAL_m_ * kM_R44_NAD_m_ / kM_R44_NADH_m_ / kM_R44_OAA_m_ ) * ( MAL_m_ / kM_R44_MAL_m_ ) * ( NAD_m_ / kM_R44_NAD_m_ ) - kC_R44 / sqrt( kEQ_R44  * kM_R44_MAL_m_ * kM_R44_NAD_m_ / kM_R44_NADH_m_ / kM_R44_OAA_m_ ) * ( NADH_m_ / kM_R44_NADH_m_ ) * ( OAA_m_ / kM_R44_OAA_m_ ) ) / ( ( 1 + MAL_m_ / kM_R44_MAL_m_ ) * ( 1 + NAD_m_ / kM_R44_NAD_m_ ) + ( 1 + NADH_m_ / kM_R44_NADH_m_ ) * ( 1 + OAA_m_ / kM_R44_OAA_m_ ) - 1 )
SDH	SUC_m_ + ubiquinone_6_m_ <=> FUM_m_ + ubiquinol_6_m_	SDH	SDH		True	YFL018C	Common saturable (CM)	u_R45 * ( kC_R45 * sqrt( kEQ_R45  * kM_R45_SUC_m_ * kM_R45_ubiquinone_6_m_ / kM_R45_FUM_m_ / kM_R45_ubiquinol_6_m_ ) * ( SUC_m_ / kM_R45_SUC_m_ ) * ( ubiquinone_6_m_ / kM_R45_ubiquinone_6_m_ ) - kC_R45 / sqrt( kEQ_R45  * kM_R45_SUC_m_ * kM_R45_ubiquinone_6_m_ / kM_R45_FUM_m_ / kM_R45_ubiquinol_6_m_ ) * ( FUM_m_ / kM_R45_FUM_m_ ) * ( ubiquinol_6_m_ / kM_R45_ubiquinol_6_m_ ) ) / ( ( 1 + SUC_m_ / kM_R45_SUC_m_ ) * ( 1 + ubiquinone_6_m_ / kM_R45_ubiquinone_6_m_ ) + ( 1 + FUM_m_ / kM_R45_FUM_m_ ) * ( 1 + ubiquinol_6_m_ / kM_R45_ubiquinol_6_m_ ) - 1 )
NDI1	NADH_m_ + ubiquinone_6_m_ <=> NAD_m_ + ubiquinol_6_m_	NDI1	NDI1		True	YBR221C	Common saturable (CM)	u_R46 * ( kC_R46 * sqrt( kEQ_R46  * kM_R46_NADH_m_ * kM_R46_ubiquinone_6_m_ / kM_R46_NAD_m_ / kM_R46_ubiquinol_6_m_ ) * ( NADH_m_ / kM_R46_NADH_m_ ) * ( ubiquinone_6_m_ / kM_R46_ubiquinone_6_m_ ) - kC_R46 / sqrt( kEQ_R46  * kM_R46_NADH_m_ * kM_R46_ubiquinone_6_m_ / kM_R46_NAD_m_ / kM_R46_ubiquinol_6_m_ ) * ( NAD_m_ / kM_R46_NAD_m_ ) * ( ubiquinol_6_m_ / kM_R46_ubiquinol_6_m_ ) ) / ( ( 1 + NADH_m_ / kM_R46_NADH_m_ ) * ( 1 + ubiquinone_6_m_ / kM_R46_ubiquinone_6_m_ ) + ( 1 + NAD_m_ / kM_R46_NAD_m_ ) * ( 1 + ubiquinol_6_m_ / kM_R46_ubiquinol_6_m_ ) - 1 )
NDE2	NADH_c_ + ubiquinone_6_m_ <=> NAD_c_ + ubiquinol_6_m_	NDE2	NDE2		True	YKL148C	Common saturable (CM)	u_R47 * ( kC_R47 * sqrt( kEQ_R47  * kM_R47_NADH_c_ * kM_R47_ubiquinone_6_m_ / kM_R47_NAD_c_ / kM_R47_ubiquinol_6_m_ ) * ( NADH_c_ / kM_R47_NADH_c_ ) * ( ubiquinone_6_m_ / kM_R47_ubiquinone_6_m_ ) - kC_R47 / sqrt( kEQ_R47  * kM_R47_NADH_c_ * kM_R47_ubiquinone_6_m_ / kM_R47_NAD_c_ / kM_R47_ubiquinol_6_m_ ) * ( NAD_c_ / kM_R47_NAD_c_ ) * ( ubiquinol_6_m_ / kM_R47_ubiquinol_6_m_ ) ) / ( ( 1 + NADH_c_ / kM_R47_NADH_c_ ) * ( 1 + ubiquinone_6_m_ / kM_R47_ubiquinone_6_m_ ) + ( 1 + NAD_c_ / kM_R47_NAD_c_ ) * ( 1 + ubiquinol_6_m_ / kM_R47_ubiquinol_6_m_ ) - 1 )
RIP1	ubiquinol_6_m_ + 2 Ferricytochrome_c_m_ + 2 H_m_ <=> ubiquinone_6_m_ + 2 Ferrocytochrome_c_m_ + 2 H_i_	RIP1	RIP1		True	YLL041C	Common saturable (CM)	u_R48 * ( kC_R48 * sqrt( kEQ_R48  * kM_R48_ubiquinol_6_m_ * power( kM_R48_Ferricytochrome_c_m_ , 2 ) * power( kM_R48_H_m_ , 2 ) / kM_R48_ubiquinone_6_m_ / power( kM_R48_Ferrocytochrome_c_m_ , 2 ) / power( kM_R48_H_i_ , 2 ) ) * ( ubiquinol_6_m_ / kM_R48_ubiquinol_6_m_ ) * power( Ferricytochrome_c_m_ / kM_R48_Ferricytochrome_c_m_ , 2 ) * power( H_m_ / kM_R48_H_m_ , 2 ) - kC_R48 / sqrt( kEQ_R48  * kM_R48_ubiquinol_6_m_ * power( kM_R48_Ferricytochrome_c_m_ , 2 ) * power( kM_R48_H_m_ , 2 ) / kM_R48_ubiquinone_6_m_ / power( kM_R48_Ferrocytochrome_c_m_ , 2 ) / power( kM_R48_H_i_ , 2 ) ) * ( ubiquinone_6_m_ / kM_R48_ubiquinone_6_m_ ) * power( Ferrocytochrome_c_m_ / kM_R48_Ferrocytochrome_c_m_ , 2 ) * power( H_i_ / kM_R48_H_i_ , 2 ) ) / ( ( 1 + ubiquinol_6_m_ / kM_R48_ubiquinol_6_m_ ) * power( 1 + Ferricytochrome_c_m_ / kM_R48_Ferricytochrome_c_m_ , 2 ) * power( 1 + H_m_ / kM_R48_H_m_ , 2 ) + ( 1 + ubiquinone_6_m_ / kM_R48_ubiquinone_6_m_ ) * power( 1 + Ferrocytochrome_c_m_ / kM_R48_Ferrocytochrome_c_m_ , 2 ) * power( 1 + H_i_ / kM_R48_H_i_ , 2 ) - 1 )
COX1	0.25 O2_c_ + Ferrocytochrome_c_m_ + 2 H_m_ <=> Ferricytochrome_c_m_ + H_i_ + 0.50 H2O_m_	COX1	COX1	R00081	True	YML120C	Common saturable (CM)	u_R49 * ( kC_R49 * sqrt( kEQ_R49  * power( kM_R49_O2_c_ , 2.500000e-01 ) * kM_R49_Ferrocytochrome_c_m_ * power( kM_R49_H_m_ , 2 ) / kM_R49_Ferricytochrome_c_m_ / kM_R49_H_i_ / power( kM_R49_H2O_m_ , 5.000000e-01 ) ) * power( O2_c_ / kM_R49_O2_c_ , 2.500000e-01 ) * ( Ferrocytochrome_c_m_ / kM_R49_Ferrocytochrome_c_m_ ) * power( H_m_ / kM_R49_H_m_ , 2 ) - kC_R49 / sqrt( kEQ_R49  * power( kM_R49_O2_c_ , 2.500000e-01 ) * kM_R49_Ferrocytochrome_c_m_ * power( kM_R49_H_m_ , 2 ) / kM_R49_Ferricytochrome_c_m_ / kM_R49_H_i_ / power( kM_R49_H2O_m_ , 5.000000e-01 ) ) * ( Ferricytochrome_c_m_ / kM_R49_Ferricytochrome_c_m_ ) * ( H_i_ / kM_R49_H_i_ ) * power( H2O_m_ / kM_R49_H2O_m_ , 5.000000e-01 ) ) / ( power( 1 + O2_c_ / kM_R49_O2_c_ , 2.500000e-01 ) * ( 1 + Ferrocytochrome_c_m_ / kM_R49_Ferrocytochrome_c_m_ ) * power( 1 + H_m_ / kM_R49_H_m_ , 2 ) + ( 1 + Ferricytochrome_c_m_ / kM_R49_Ferricytochrome_c_m_ ) * ( 1 + H_i_ / kM_R49_H_i_ ) * power( 1 + H2O_m_ / kM_R49_H2O_m_ , 5.000000e-01 ) - 1 )
ATP1	3 H_i_ + ADP_m_ + PI_m_ <=> 3 H_m_ + ATP_m_ + H2O_m_	ATP1	ATP1		True	YMR145C	Common saturable (CM)	u_R50 * ( kC_R50 * sqrt( kEQ_R50  * power( kM_R50_H_i_ , 3 ) * kM_R50_ADP_m_ * kM_R50_PI_m_ / power( kM_R50_H_m_ , 3 ) / kM_R50_ATP_m_ / kM_R50_H2O_m_ ) * power( H_i_ / kM_R50_H_i_ , 3 ) * ( ADP_m_ / kM_R50_ADP_m_ ) * ( PI_m_ / kM_R50_PI_m_ ) - kC_R50 / sqrt( kEQ_R50  * power( kM_R50_H_i_ , 3 ) * kM_R50_ADP_m_ * kM_R50_PI_m_ / power( kM_R50_H_m_ , 3 ) / kM_R50_ATP_m_ / kM_R50_H2O_m_ ) * power( H_m_ / kM_R50_H_m_ , 3 ) * ( ATP_m_ / kM_R50_ATP_m_ ) * ( H2O_m_ / kM_R50_H2O_m_ ) ) / ( power( 1 + H_i_ / kM_R50_H_i_ , 3 ) * ( 1 + ADP_m_ / kM_R50_ADP_m_ ) * ( 1 + PI_m_ / kM_R50_PI_m_ ) + power( 1 + H_m_ / kM_R50_H_m_ , 3 ) * ( 1 + ATP_m_ / kM_R50_ATP_m_ ) * ( 1 + H2O_m_ / kM_R50_H2O_m_ ) - 1 )
!!SBtab TableName='Compound' TableType='Compound' Document='reducedYeast_ECM' Date='2018-11-23' SBtabVersion='1.0'								
!ID	!Name	!NameForPlots	!Identifiers:kegg.compound	!IsConstant				
MAL_m_	(S)-malate	MAL[m]	C00149	False				
AKG_m_	2-oxoglutarate	AKG[m]	C00026	False				
P2G_c_	2-phospho-D-glyceric acid	P2G[c]	C00631	False				
P3G_c_	3-phospho-D-glycerate	P3G[c]	C00197	False				
P13G_c_	1,3-bisphospho-D-glycerate	P13G[c]	C00236	False				
G15L_c_	6-O-phosphono-D-glucono-1,5-lactone	G15L[c]	C01236	False				
P6G_c_	6-phospho-D-gluconate	P6G[c]	C00345	False				
ACA_c_	acetaldehyde	ACA[c]	C00084	False				
AC_c_	acetate	AC[c]	C00033	False				
ACCOA_c_	acetyl-CoA	ACCOA[c]	C00024	False				
ACCOA_m_	acetyl-CoA	ACCOA[m]	C00024	False				
ADP_c_	ADP	ADP[c]	C00008	False				
GLC_c_	alpha-D-glucose	GLC[c]	C00031	False				
G6P_c_	alpha-D-glucose 6-phosphate	G6P[c]	C00092	False				
ATP_c_	ATP	ATP[c]	C00002	False				
AMP_c_	AMP	AMP[c]	C00020	False				
F16P_c_	D-fructose 1,6-bisphosphate	F16P[c]	C00354	False				
F6P_c_	D-fructose 6-phosphate	F6P[c]	C00085	False				
BIOMASS_c_	biomass	BIOMASS[c]		False				
CI_m_	citrate	CI[m]	C00158	False				
CO2_c_	CO2	CO2[c]	C00011	False				
CO2_m_	CO2	CO2[m]	C00011	False				
COA_c_	coenzyme A	COA[c]	C00010	False				
COA_m_	coenzyme A	COA[m]	C00010	False				
E4P_c_	D-erythrose 4-phosphate	E4P[c]	C00279	False				
GA3P_c_	D-glyceraldehyde 3-phosphate	GA3P[c]	C00661	False				
R5P_c_	D-ribose 5-phosphate	R5P[c]	C03736	False				
RU5P_c_	D-ribulose 5-phosphate	RU5P[c]	C00199	False				
X5P_c_	D-xylulose 5-phosphate	X5P[c]	C00231	False				
ETH_c_	ethanol	ETH[c]	C00469	False				
FUM_m_	fumarate	FUM[m]	C00122	False				
GP_c_	glycerol-3-phosphate	GP[c]	C00093	False				
GLY_c_	glycerol	GLY[c]	C00116	False				
DHAP_c_	dihydroxyacetone phosphate	DHAP[c]	C00111	False				
ICI_m_	isocitrate	ICI[m]	C00311	False				
NAD_c_	nad+	NAD[c]	C00003	False				
NAD_m_	nad+	NAD[m]	C00003	False				
NADH_c_	NADH	NADH[c]	C00004	False				
NADH_m_	NADH	NADH[m]	C00004	False				
NADP_c_	nadp+	NADP[c]	C00006	False				
NADP_m_	nadp+	NADP[m]	C00006	False				
NADPH_c_	NADPH	NADPH[c]	C00005	False				
NADPH_m_	NADPH	NADPH[m]	C00005	False				
O2_c_	O2	O2[c]	C00007	False				
OAA_m_	oxaloacetate	OAA[m]	C00036	False				
PI_c_	phosphate	PI[c]	C00009	False				
PEP_c_	phosphoenolpyruvate	PEP[c]	C00074	False				
PYR_c_	pyruvate	PYR[c]	C00022	False				
S7P_c_	sedoheptulose 7-phosphate	S7P[c]	C05382	False				
SUC_m_	succinate	SUC[m]	C00042	False				
ubiquinone_6_m_	ubiquinone-6	ubiquinone-6[m]	C00399	False				
ubiquinol_6_m_	ubiquinol-6	ubiquinol-6[m]	C00390	False				
Ferricytochrome_c_m_	ferricytochrome c	Ferricytochrome_c[m]	C15817	False				
Ferrocytochrome_c_m_	ferrocytochrome c	Ferrocytochrome_c[m]	C15817	False				
H_m_	h+	H[m]	C00080	False				
H_i_	h+	H[i]	C00080	False				
growthProteinAlt_c_	growthProteinAlt	growthProteinAlt[c]		False				
growthProtein_c_	growthProtein	growthProtein[c]		False				
growthRNA_c_	growthRNA	growthRNA[c]		False				
growthDNA_c_	growthDNA	growthDNA[c]		False				
growthLipid_c_	growthLipid	growthLipid[c]		False				
growthGlycogen_c_	growthGlycogen	growthGlycogen[c]		False				
growthTrehalose_c_	growthTrehalose	growthTrehalose[c]		False				
growthMannan_c_	growthMannan	growthMannan[c]		False				
growthGlucan_c_	growthGlucan	growthGlucan[c]		False				
growthMaintainance_c_	Maintainance for growth	growthMaintainance[c]		False				
ATP_m_	ATP	ATP[m]	C00002	False				
ADP_m_	ADP	ADP[m]	C00008	False				
PI_m_	phosphate	PI[m]	C00009	False				
PYR_m_	pyruvate	PYR[m]	C00022	False				
OAA_c_	oxaloacetate	OAA[c]	C00036	False				
GAL_c_	galactose	GAL[c]	C00124	False				
GALP_c_	D-galactose 1-phosphate	GALP[c]	C00446	False				
GALUDP_c_	UDP-D-galactose	GALUDP[c]	C00052	False				
GLUUDP_c_	UDP-glucose	GLUUDP[c]	C00029	False				
G1P_c_	D-glucose 1-phosphate	G1P[c]	C00103	False				
Glyoxylate_m_	Glyoxylate	Glyoxylate[m]	C00048	False				
Succinyl_CoA_m_	succinyl-CoA	Succinyl-CoA[m]	C00091	False				
H2O_m_	H2O	H2O[m]	C00001	False				
H2O_c_	H2O	H2O[c]	C00001	False				
HCO3_c_	HCO3	HCO3[c]	C00288	False				
!!SBtab SBtabVersion='1.0' TableType='Quantity' TableName='Parameter' Document='reducedYeast_ECM' Date='2018-11-23'								
!QuantityType	!Reaction	!Compound	!Value	!Unit	!Reaction:Identifiers:kegg.reaction	!Compound:Identifiers:kegg.compound	!ID	
